region,maker,model,national,local,convNational,convLocal
서울특별시,BMW,MINI Aceman E,4000000,1200000,800000,240000
서울특별시,BMW,MINI Aceman SE,4000000,1200000,800000,240000
서울특별시,BMW,MINI Cooper SE,3960000,1180000,790000,240000
서울특별시,BMW,MINI Countryman E,2170000,650000,430000,130000
서울특별시,BMW,MINI Countryman SE ALL4,2030000,600000,410000,120000
서울특별시,BMW,MINI JCW Aceman E,1970000,590000,390000,120000
서울특별시,BMW,MINI JCW E,1910000,570000,380000,110000
서울특별시,BMW,i4 M60 LCI (71HD),2330000,690000,470000,140000
서울특별시,BMW,i4 eDrive 40 LCI(21HD),2440000,730000,490000,150000
서울특별시,BMW,i4 eDrive 40 LCI(61HD),2560000,760000,510000,150000
서울특별시,BMW,i5 eDrive 40,2620000,780000,520000,160000
서울특별시,BMW,iX1 eDrive20,2120000,630000,420000,130000
서울특별시,BMW,iX1 eDrive20(11HM),2350000,700000,470000,140000
서울특별시,BMW,iX1 xDrive30,1920000,570000,380000,110000
서울특별시,BMW,iX2 eDrive20,2140000,640000,430000,130000
서울특별시,BMW,iX2 eDrive20(71GN),2390000,710000,480000,140000
서울특별시,BMW,iX3 50 xDrive,2750000,820000,550000,170000
서울특별시,기아,EV3 GT,2480000,740000,500000,150000
서울특별시,기아,EV3 롱레인지 2WD 17인치,5550000,1660000,1000000,300000
서울특별시,기아,EV3 롱레인지 2WD 19인치,5550000,1660000,1000000,300000
서울특별시,기아,EV3 롱레인지 4WD 19인치,5390000,1610000,1000000,300000
서울특별시,기아,EV3 스탠다드 2WD,4690000,1400000,940000,280000
서울특별시,기아,EV4 GT,2550000,760000,510000,150000
서울특별시,기아,EV4 롱레인지 2WD 17인치,5550000,1660000,1000000,300000
서울특별시,기아,EV4 롱레인지 2WD 19인치,5550000,1660000,1000000,300000
서울특별시,기아,EV4 롱레인지 4WD 19인치,5540000,1660000,1000000,300000
서울특별시,기아,EV4 롱레인지 GTL 2WD 19인치,5550000,1660000,1000000,300000
서울특별시,기아,EV4 스탠다드 2WD 17인치,5120000,1530000,1000000,300000
서울특별시,기아,EV4 스탠다드 2WD 19인치,4810000,1440000,960000,290000
서울특별시,기아,EV5 GT,2320000,690000,460000,140000
서울특별시,기아,EV5 롱레인지 2WD,5520000,1650000,1000000,300000
서울특별시,기아,EV5 롱레인지 4WD 18인치,4990000,1490000,1000000,300000
서울특별시,기아,EV5 롱레인지 4WD 19인치,4930000,1470000,990000,300000
서울특별시,기아,EV9 GT,2450000,730000,490000,150000
서울특별시,기아,EV9 롱레인지 2WD 19인치,2700000,810000,540000,160000
서울특별시,기아,EV9 롱레인지 2WD 20인치,2680000,800000,540000,160000
서울특별시,기아,EV9 롱레인지 4WD 19인치,2540000,760000,510000,150000
서울특별시,기아,EV9 롱레인지 4WD 21인치,2600000,780000,520000,160000
서울특별시,기아,EV9 롱레인지 GTL 4WD 21인치,2520000,750000,500000,150000
서울특별시,기아,EV9 스탠다드,2370000,710000,470000,140000
서울특별시,기아,PV5 패신저 5인승 롱레인지,4580000,1370000,920000,280000
서울특별시,기아,Pv5 WAV(비용 미지원),6480000,1940000,1000000,300000
서울특별시,기아,Pv5 WAV(비용 지원),4480000,1340000,900000,270000
서울특별시,기아,(단종)The all-new Kia Niro EV,4890000,1460000,980000,290000
서울특별시,기아,더뉴EV6 롱레인지 2WD 19인치,5700000,1710000,1000000,300000
서울특별시,기아,더뉴EV6 롱레인지 2WD 20인치,5590000,1670000,1000000,300000
서울특별시,기아,더뉴EV6 롱레인지 4WD 19인치,5610000,1680000,1000000,300000
서울특별시,기아,더뉴EV6 롱레인지 4WD 20인치,5320000,1590000,1000000,300000
서울특별시,기아,더뉴EV6 스탠다드,5010000,1500000,1000000,300000
서울특별시,기아,레이 EV 2WD 14인치 1인승 밴,4570000,1370000,910000,270000
서울특별시,기아,레이 EV 2WD 14인치 2인승 밴,4570000,1370000,910000,270000
서울특별시,기아,레이 EV 2WD 14인치 4인승 승용,4570000,1370000,910000,270000
서울특별시,메르세데스벤츠코리아,EQA 250(Facelift),1900000,570000,380000,110000
서울특별시,메르세데스벤츠코리아,EQB 300 4MATIC(Facelift),1540000,460000,310000,90000
서울특별시,메르세데스벤츠코리아,EQB 300 4MATIC(Facelift)(CY25/2),1620000,480000,320000,100000
서울특별시,볼보자동차코리아,볼보 EX30 Single Motor ER,2470000,740000,490000,150000
서울특별시,볼보자동차코리아,볼보 EX30CC Twin Motor Perf,2220000,660000,440000,130000
서울특별시,비와이디코리아,(단종)BYD ATTO 3,1260000,370000,250000,80000
서울특별시,비와이디코리아,(단종)BYD DOLPHIN,1090000,320000,220000,70000
서울특별시,비와이디코리아,(단종)BYD DOLPHIN Active,1320000,390000,260000,80000
서울특별시,비와이디코리아,(단종)BYD SEAL,1690000,500000,340000,100000
서울특별시,비와이디코리아,(단종)BYD SEAL Dynamic AWD,1510000,450000,300000,90000
서울특별시,비와이디코리아,(단종)BYD SEALION 7,1520000,450000,300000,90000
서울특별시,케이지모빌리티,토레스 EVX 18인치,3540000,1060000,710000,210000
서울특별시,케이지모빌리티,토레스 EVX 18인치(2026),3610000,1080000,720000,220000
서울특별시,케이지모빌리티,토레스 EVX 20인치,3440000,1030000,690000,210000
서울특별시,케이지모빌리티,토레스 EVX 20인치(2026),3540000,1060000,710000,210000
서울특별시,케이지모빌리티,(단종)토레스 EVX 2WD 18인치,3270000,980000,650000,200000
서울특별시,케이지모빌리티,(단종)토레스 EVX 2WD 20인치,3120000,930000,620000,190000
서울특별시,테슬라코리아,Model 3 Performance,2000000,600000,400000,120000
서울특별시,테슬라코리아,Model 3 Premium Long Range RWD,4200000,1260000,840000,250000
서울특별시,테슬라코리아,Model 3 Premium Long Range RWD(5999만원),2100000,630000,420000,130000
서울특별시,테슬라코리아,Model 3 RWD,1680000,500000,340000,100000
서울특별시,테슬라코리아,Model 3 RWD(2025),1680000,500000,340000,100000
서울특별시,테슬라코리아,Model Y L AWD,2150000,640000,430000,130000
서울특별시,테슬라코리아,Model Y Long Range(2025),2100000,630000,420000,130000
서울특별시,테슬라코리아,Model Y Premium Long Range,2100000,630000,420000,130000
서울특별시,테슬라코리아,Model Y Premium RWD,1700000,510000,340000,100000
서울특별시,테슬라코리아,Model Y RWD(2025),1700000,510000,340000,100000
서울특별시,폭스바겐그룹코리아,ID.4 Pro,4320000,1290000,860000,260000
서울특별시,폭스바겐그룹코리아,Q4 45 e-tron,2060000,610000,410000,120000
서울특별시,폭스바겐그룹코리아,Q4 Sportback 45 e-tron,2060000,610000,410000,120000
서울특별시,폭스바겐그룹코리아,(단종)Q6 e-tron performance,2200000,660000,440000,130000
서울특별시,폭스바겐그룹코리아,iD.5 Pro,4730000,1410000,950000,290000
서울특별시,폴스타오토모티브코리아,Polestar 4 Coupe Dual Motor,1680000,500000,340000,100000
서울특별시,폴스타오토모티브코리아,Polestar 4 Coupe Rear Motor,1810000,540000,360000,110000
서울특별시,현대자동차,ELECTRIFIED G80,2700000,810000,540000,160000
서울특별시,현대자동차,ELECTRIFIED GV70 AWD 19인치,2610000,780000,520000,160000
서울특별시,현대자동차,ELECTRIFIED GV70 AWD 20인치,2450000,730000,490000,150000
서울특별시,현대자동차,GV60 스탠다드 2WD 19인치,2850000,850000,570000,170000
서울특별시,현대자동차,GV60 스탠다드 AWD 19인치,2720000,810000,540000,160000
서울특별시,현대자동차,GV60 스탠다드 AWD 20인치,2610000,780000,520000,160000
서울특별시,현대자동차,더 뉴 아이오닉5 2WD 롱레인지 19인치,5640000,1690000,1000000,300000
서울특별시,현대자동차,더 뉴 아이오닉5 2WD 롱레인지 19인치 빌트인 캠 미적용,5670000,1700000,1000000,300000
서울특별시,현대자동차,더 뉴 아이오닉5 2WD 롱레인지 20인치,5590000,1670000,1000000,300000
서울특별시,현대자동차,더 뉴 아이오닉5 2WD 롱레인지 N라인 20인치,5410000,1620000,1000000,300000
서울특별시,현대자동차,더 뉴 아이오닉5 2WD 스탠다드 19인치,4830000,1440000,970000,290000
서울특별시,현대자동차,더 뉴 아이오닉5 AWD 롱레인지 19인치,5580000,1670000,1000000,300000
서울특별시,현대자동차,더 뉴 아이오닉5 AWD 롱레인지 20인치,5320000,1590000,1000000,300000
서울특별시,현대자동차,더 뉴 아이오닉5 AWD 롱레인지 N라인 20인치,5100000,1530000,1000000,300000
서울특별시,현대자동차,더 뉴 아이오닉6 2WD 롱레인지 18인치,5700000,1710000,1000000,300000
서울특별시,현대자동차,더 뉴 아이오닉6 2WD 롱레인지 20인치,5700000,1710000,1000000,300000
서울특별시,현대자동차,더 뉴 아이오닉6 2WD 롱레인지 N라인 20인치,5700000,1710000,1000000,300000
서울특별시,현대자동차,더 뉴 아이오닉6 2WD 스탠다드 18인치,5600000,1680000,1000000,300000
서울특별시,현대자동차,더 뉴 아이오닉6 AWD 롱레인지 18인치,5700000,1710000,1000000,300000
서울특별시,현대자동차,더 뉴 아이오닉6 AWD 롱레인지 20인치,5530000,1650000,1000000,300000
서울특별시,현대자동차,더 뉴 아이오닉6 AWD 롱레인지 N라인 20인치,5370000,1610000,1000000,300000
서울특별시,현대자동차,스타리아 라운지 일렉트릭 7인승,2290000,680000,460000,140000
서울특별시,현대자동차,스타리아 리무진 일렉트릭 6인승,2290000,680000,460000,140000
서울특별시,현대자동차,아이오닉6 N,2500000,750000,500000,150000
서울특별시,현대자동차,아이오닉9 성능형 AWD,2720000,810000,540000,160000
서울특별시,현대자동차,아이오닉9 항속형 2WD,2740000,820000,550000,170000
서울특별시,현대자동차,아이오닉9 항속형 AWD,2710000,810000,540000,160000
서울특별시,현대자동차,캐스퍼 일렉트릭 기본형 15인치,4900000,1470000,980000,290000
서울특별시,현대자동차,캐스퍼 일렉트릭 크로스 17인치,4870000,1460000,970000,290000
서울특별시,현대자동차,캐스퍼 일렉트릭 항속형 15인치,4900000,1470000,980000,290000
서울특별시,현대자동차,캐스퍼 일렉트릭 항속형 17인치(라운지포함),4900000,1470000,980000,290000
서울특별시,현대자동차,코나 일렉트릭 2WD 롱레인지 17인치,5140000,1540000,1000000,300000
서울특별시,현대자동차,코나 일렉트릭 2WD 롱레인지 17인치 빌트인 캠 미적용,5140000,1540000,1000000,300000
서울특별시,현대자동차,코나 일렉트릭 2WD 롱레인지 19인치,4590000,1370000,920000,280000
서울특별시,현대자동차,코나 일렉트릭 2WD 스탠다드 17인치,4370000,1310000,870000,260000
부산광역시,BMW,MINI Aceman E,4000000,1200000,800000,240000
부산광역시,BMW,MINI Aceman SE,4000000,1200000,800000,240000
부산광역시,BMW,MINI Cooper SE,3960000,1180000,790000,240000
부산광역시,BMW,MINI Countryman E,2170000,650000,430000,130000
부산광역시,BMW,MINI Countryman SE ALL4,2030000,600000,410000,120000
부산광역시,BMW,MINI JCW Aceman E,1970000,590000,390000,120000
부산광역시,BMW,MINI JCW E,1910000,570000,380000,110000
부산광역시,BMW,i4 M60 LCI (71HD),2330000,690000,470000,140000
부산광역시,BMW,i4 eDrive 40 LCI(21HD),2440000,730000,490000,150000
부산광역시,BMW,i4 eDrive 40 LCI(61HD),2560000,760000,510000,150000
부산광역시,BMW,i5 eDrive 40,2620000,780000,520000,160000
부산광역시,BMW,iX1 eDrive20,2120000,630000,420000,130000
부산광역시,BMW,iX1 eDrive20(11HM),2350000,700000,470000,140000
부산광역시,BMW,iX1 xDrive30,1920000,570000,380000,110000
부산광역시,BMW,iX2 eDrive20,2140000,640000,430000,130000
부산광역시,BMW,iX2 eDrive20(71GN),2390000,710000,480000,140000
부산광역시,BMW,iX3 50 xDrive,2750000,820000,550000,170000
부산광역시,기아,EV3 GT,2480000,1040000,500000,150000
부산광역시,기아,EV3 롱레인지 2WD 17인치,5550000,1960000,1000000,300000
부산광역시,기아,EV3 롱레인지 2WD 19인치,5550000,1960000,1000000,300000
부산광역시,기아,EV3 롱레인지 4WD 19인치,5390000,1910000,1000000,300000
부산광역시,기아,EV3 스탠다드 2WD,4690000,1700000,940000,280000
부산광역시,기아,EV4 GT,2550000,1060000,510000,150000
부산광역시,기아,EV4 롱레인지 2WD 17인치,5550000,1960000,1000000,300000
부산광역시,기아,EV4 롱레인지 2WD 19인치,5550000,1960000,1000000,300000
부산광역시,기아,EV4 롱레인지 4WD 19인치,5540000,1960000,1000000,300000
부산광역시,기아,EV4 롱레인지 GTL 2WD 19인치,5550000,1960000,1000000,300000
부산광역시,기아,EV4 스탠다드 2WD 17인치,5120000,1830000,1000000,300000
부산광역시,기아,EV4 스탠다드 2WD 19인치,4810000,1740000,960000,290000
부산광역시,기아,EV5 GT,2320000,990000,460000,140000
부산광역시,기아,EV5 롱레인지 2WD,5520000,1950000,1000000,300000
부산광역시,기아,EV5 롱레인지 4WD 18인치,4990000,1790000,1000000,300000
부산광역시,기아,EV5 롱레인지 4WD 19인치,4930000,1770000,990000,300000
부산광역시,기아,EV9 GT,2450000,1030000,490000,150000
부산광역시,기아,EV9 롱레인지 2WD 19인치,2700000,1110000,540000,160000
부산광역시,기아,EV9 롱레인지 2WD 20인치,2680000,1100000,540000,160000
부산광역시,기아,EV9 롱레인지 4WD 19인치,2540000,1060000,510000,150000
부산광역시,기아,EV9 롱레인지 4WD 21인치,2600000,1080000,520000,160000
부산광역시,기아,EV9 롱레인지 GTL 4WD 21인치,2520000,1050000,500000,150000
부산광역시,기아,EV9 스탠다드,2370000,1010000,470000,140000
부산광역시,기아,PV5 패신저 5인승 롱레인지,4580000,1670000,920000,280000
부산광역시,기아,Pv5 WAV(비용 미지원),6480000,2240000,1000000,300000
부산광역시,기아,Pv5 WAV(비용 지원),4480000,1640000,900000,270000
부산광역시,기아,(단종)The all-new Kia Niro EV,4890000,1460000,980000,290000
부산광역시,기아,더뉴EV6 롱레인지 2WD 19인치,5700000,2010000,1000000,300000
부산광역시,기아,더뉴EV6 롱레인지 2WD 20인치,5590000,1970000,1000000,300000
부산광역시,기아,더뉴EV6 롱레인지 4WD 19인치,5610000,1980000,1000000,300000
부산광역시,기아,더뉴EV6 롱레인지 4WD 20인치,5320000,1890000,1000000,300000
부산광역시,기아,더뉴EV6 스탠다드,5010000,1800000,1000000,300000
부산광역시,기아,레이 EV 2WD 14인치 1인승 밴,4570000,1370000,910000,270000
부산광역시,기아,레이 EV 2WD 14인치 2인승 밴,4570000,1370000,910000,270000
부산광역시,기아,레이 EV 2WD 14인치 4인승 승용,4570000,1370000,910000,270000
부산광역시,메르세데스벤츠코리아,EQA 250(Facelift),1900000,570000,380000,110000
부산광역시,메르세데스벤츠코리아,EQB 300 4MATIC(Facelift),1540000,460000,310000,90000
부산광역시,메르세데스벤츠코리아,EQB 300 4MATIC(Facelift)(CY25/2),1620000,480000,320000,100000
부산광역시,볼보자동차코리아,볼보 EX30 Single Motor ER,2470000,740000,490000,150000
부산광역시,볼보자동차코리아,볼보 EX30CC Twin Motor Perf,2220000,660000,440000,130000
부산광역시,비와이디코리아,(단종)BYD ATTO 3,1260000,370000,250000,80000
부산광역시,비와이디코리아,(단종)BYD DOLPHIN,1090000,320000,220000,70000
부산광역시,비와이디코리아,(단종)BYD DOLPHIN Active,1320000,390000,260000,80000
부산광역시,비와이디코리아,(단종)BYD SEAL,1690000,500000,340000,100000
부산광역시,비와이디코리아,(단종)BYD SEAL Dynamic AWD,1510000,450000,300000,90000
부산광역시,비와이디코리아,(단종)BYD SEALION 7,1520000,450000,300000,90000
부산광역시,케이지모빌리티,토레스 EVX 18인치,3540000,1360000,710000,210000
부산광역시,케이지모빌리티,토레스 EVX 18인치(2026),3610000,1380000,720000,220000
부산광역시,케이지모빌리티,토레스 EVX 20인치,3440000,1330000,690000,210000
부산광역시,케이지모빌리티,토레스 EVX 20인치(2026),3540000,1360000,710000,210000
부산광역시,케이지모빌리티,(단종)토레스 EVX 2WD 18인치,3270000,980000,650000,200000
부산광역시,케이지모빌리티,(단종)토레스 EVX 2WD 20인치,3120000,930000,620000,190000
부산광역시,테슬라코리아,Model 3 Performance,2000000,600000,400000,120000
부산광역시,테슬라코리아,Model 3 Premium Long Range RWD,4200000,1260000,840000,250000
부산광역시,테슬라코리아,Model 3 Premium Long Range RWD(5999만원),2100000,630000,420000,130000
부산광역시,테슬라코리아,Model 3 RWD,1680000,500000,340000,100000
부산광역시,테슬라코리아,Model 3 RWD(2025),1680000,500000,340000,100000
부산광역시,테슬라코리아,Model Y L AWD,2150000,640000,430000,130000
부산광역시,테슬라코리아,Model Y Long Range(2025),2100000,630000,420000,130000
부산광역시,테슬라코리아,Model Y Premium Long Range,2100000,630000,420000,130000
부산광역시,테슬라코리아,Model Y Premium RWD,1700000,510000,340000,100000
부산광역시,테슬라코리아,Model Y RWD(2025),1700000,510000,340000,100000
부산광역시,폭스바겐그룹코리아,ID.4 Pro,4320000,1290000,860000,260000
부산광역시,폭스바겐그룹코리아,Q4 45 e-tron,2060000,610000,410000,120000
부산광역시,폭스바겐그룹코리아,Q4 Sportback 45 e-tron,2060000,610000,410000,120000
부산광역시,폭스바겐그룹코리아,(단종)Q6 e-tron performance,2200000,660000,440000,130000
부산광역시,폭스바겐그룹코리아,iD.5 Pro,4730000,1410000,950000,290000
부산광역시,폴스타오토모티브코리아,Polestar 4 Coupe Dual Motor,1680000,500000,340000,100000
부산광역시,폴스타오토모티브코리아,Polestar 4 Coupe Rear Motor,1810000,540000,360000,110000
부산광역시,현대자동차,ELECTRIFIED G80,2700000,1110000,540000,160000
부산광역시,현대자동차,ELECTRIFIED GV70 AWD 19인치,2610000,1080000,520000,160000
부산광역시,현대자동차,ELECTRIFIED GV70 AWD 20인치,2450000,1030000,490000,150000
부산광역시,현대자동차,GV60 스탠다드 2WD 19인치,2850000,1150000,570000,170000
부산광역시,현대자동차,GV60 스탠다드 AWD 19인치,2720000,1110000,540000,160000
부산광역시,현대자동차,GV60 스탠다드 AWD 20인치,2610000,1080000,520000,160000
부산광역시,현대자동차,더 뉴 아이오닉5 2WD 롱레인지 19인치,5640000,1990000,1000000,300000
부산광역시,현대자동차,더 뉴 아이오닉5 2WD 롱레인지 19인치 빌트인 캠 미적용,5670000,2000000,1000000,300000
부산광역시,현대자동차,더 뉴 아이오닉5 2WD 롱레인지 20인치,5590000,1970000,1000000,300000
부산광역시,현대자동차,더 뉴 아이오닉5 2WD 롱레인지 N라인 20인치,5410000,1920000,1000000,300000
부산광역시,현대자동차,더 뉴 아이오닉5 2WD 스탠다드 19인치,4830000,1740000,970000,290000
부산광역시,현대자동차,더 뉴 아이오닉5 AWD 롱레인지 19인치,5580000,1970000,1000000,300000
부산광역시,현대자동차,더 뉴 아이오닉5 AWD 롱레인지 20인치,5320000,1890000,1000000,300000
부산광역시,현대자동차,더 뉴 아이오닉5 AWD 롱레인지 N라인 20인치,5100000,1830000,1000000,300000
부산광역시,현대자동차,더 뉴 아이오닉6 2WD 롱레인지 18인치,5700000,2010000,1000000,300000
부산광역시,현대자동차,더 뉴 아이오닉6 2WD 롱레인지 20인치,5700000,2010000,1000000,300000
부산광역시,현대자동차,더 뉴 아이오닉6 2WD 롱레인지 N라인 20인치,5700000,2010000,1000000,300000
부산광역시,현대자동차,더 뉴 아이오닉6 2WD 스탠다드 18인치,5600000,1980000,1000000,300000
부산광역시,현대자동차,더 뉴 아이오닉6 AWD 롱레인지 18인치,5700000,2010000,1000000,300000
부산광역시,현대자동차,더 뉴 아이오닉6 AWD 롱레인지 20인치,5530000,1950000,1000000,300000
부산광역시,현대자동차,더 뉴 아이오닉6 AWD 롱레인지 N라인 20인치,5370000,1910000,1000000,300000
부산광역시,현대자동차,스타리아 라운지 일렉트릭 7인승,2290000,680000,460000,140000
부산광역시,현대자동차,스타리아 리무진 일렉트릭 6인승,2290000,680000,460000,140000
부산광역시,현대자동차,아이오닉6 N,2500000,1050000,500000,150000
부산광역시,현대자동차,아이오닉9 성능형 AWD,2720000,1110000,540000,160000
부산광역시,현대자동차,아이오닉9 항속형 2WD,2740000,1120000,550000,170000
부산광역시,현대자동차,아이오닉9 항속형 AWD,2710000,1110000,540000,160000
부산광역시,현대자동차,캐스퍼 일렉트릭 기본형 15인치,4900000,1470000,980000,290000
부산광역시,현대자동차,캐스퍼 일렉트릭 크로스 17인치,4870000,1460000,970000,290000
부산광역시,현대자동차,캐스퍼 일렉트릭 항속형 15인치,4900000,1470000,980000,290000
부산광역시,현대자동차,캐스퍼 일렉트릭 항속형 17인치(라운지포함),4900000,1470000,980000,290000
부산광역시,현대자동차,코나 일렉트릭 2WD 롱레인지 17인치,5140000,1840000,1000000,300000
부산광역시,현대자동차,코나 일렉트릭 2WD 롱레인지 17인치 빌트인 캠 미적용,5140000,1840000,1000000,300000
부산광역시,현대자동차,코나 일렉트릭 2WD 롱레인지 19인치,4590000,1670000,920000,280000
부산광역시,현대자동차,코나 일렉트릭 2WD 스탠다드 17인치,4370000,1610000,870000,260000
대구광역시,BMW,MINI Aceman E,4000000,1200000,800000,240000
대구광역시,BMW,MINI Aceman SE,4000000,1200000,800000,240000
대구광역시,BMW,MINI Cooper SE,3960000,1180000,790000,240000
대구광역시,BMW,MINI Countryman E,2170000,650000,430000,130000
대구광역시,BMW,MINI Countryman SE ALL4,2030000,600000,410000,120000
대구광역시,BMW,MINI JCW Aceman E,1970000,590000,390000,120000
대구광역시,BMW,MINI JCW E,1910000,570000,380000,110000
대구광역시,BMW,i4 M60 LCI (71HD),2330000,690000,470000,140000
대구광역시,BMW,i4 eDrive 40 LCI(21HD),2440000,730000,490000,150000
대구광역시,BMW,i4 eDrive 40 LCI(61HD),2560000,760000,510000,150000
대구광역시,BMW,i5 eDrive 40,2620000,780000,520000,160000
대구광역시,BMW,iX1 eDrive20,2120000,630000,420000,130000
대구광역시,BMW,iX1 eDrive20(11HM),2350000,700000,470000,140000
대구광역시,BMW,iX1 xDrive30,1920000,570000,380000,110000
대구광역시,BMW,iX2 eDrive20,2140000,640000,430000,130000
대구광역시,BMW,iX2 eDrive20(71GN),2390000,710000,480000,140000
대구광역시,BMW,iX3 50 xDrive,2750000,820000,550000,170000
대구광역시,기아,EV3 GT,2480000,740000,500000,150000
대구광역시,기아,EV3 롱레인지 2WD 17인치,5550000,1660000,1000000,300000
대구광역시,기아,EV3 롱레인지 2WD 19인치,5550000,1660000,1000000,300000
대구광역시,기아,EV3 롱레인지 4WD 19인치,5390000,1610000,1000000,300000
대구광역시,기아,EV3 스탠다드 2WD,4690000,1400000,940000,280000
대구광역시,기아,EV4 GT,2550000,760000,510000,150000
대구광역시,기아,EV4 롱레인지 2WD 17인치,5550000,1660000,1000000,300000
대구광역시,기아,EV4 롱레인지 2WD 19인치,5550000,1660000,1000000,300000
대구광역시,기아,EV4 롱레인지 4WD 19인치,5540000,1660000,1000000,300000
대구광역시,기아,EV4 롱레인지 GTL 2WD 19인치,5550000,1660000,1000000,300000
대구광역시,기아,EV4 스탠다드 2WD 17인치,5120000,1530000,1000000,300000
대구광역시,기아,EV4 스탠다드 2WD 19인치,4810000,1440000,960000,290000
대구광역시,기아,EV5 GT,2320000,690000,460000,140000
대구광역시,기아,EV5 롱레인지 2WD,5520000,1650000,1000000,300000
대구광역시,기아,EV5 롱레인지 4WD 18인치,4990000,1490000,1000000,300000
대구광역시,기아,EV5 롱레인지 4WD 19인치,4930000,1470000,990000,300000
대구광역시,기아,EV9 GT,2450000,730000,490000,150000
대구광역시,기아,EV9 롱레인지 2WD 19인치,2700000,810000,540000,160000
대구광역시,기아,EV9 롱레인지 2WD 20인치,2680000,800000,540000,160000
대구광역시,기아,EV9 롱레인지 4WD 19인치,2540000,760000,510000,150000
대구광역시,기아,EV9 롱레인지 4WD 21인치,2600000,780000,520000,160000
대구광역시,기아,EV9 롱레인지 GTL 4WD 21인치,2520000,750000,500000,150000
대구광역시,기아,EV9 스탠다드,2370000,710000,470000,140000
대구광역시,기아,PV5 패신저 5인승 롱레인지,4580000,1370000,920000,280000
대구광역시,기아,Pv5 WAV(비용 미지원),6480000,1940000,1000000,300000
대구광역시,기아,Pv5 WAV(비용 지원),4480000,1340000,900000,270000
대구광역시,기아,(단종)The all-new Kia Niro EV,4890000,1460000,980000,290000
대구광역시,기아,더뉴EV6 롱레인지 2WD 19인치,5700000,1710000,1000000,300000
대구광역시,기아,더뉴EV6 롱레인지 2WD 20인치,5590000,1670000,1000000,300000
대구광역시,기아,더뉴EV6 롱레인지 4WD 19인치,5610000,1680000,1000000,300000
대구광역시,기아,더뉴EV6 롱레인지 4WD 20인치,5320000,1590000,1000000,300000
대구광역시,기아,더뉴EV6 스탠다드,5010000,1500000,1000000,300000
대구광역시,기아,레이 EV 2WD 14인치 1인승 밴,4570000,1370000,910000,270000
대구광역시,기아,레이 EV 2WD 14인치 2인승 밴,4570000,1370000,910000,270000
대구광역시,기아,레이 EV 2WD 14인치 4인승 승용,4570000,1370000,910000,270000
대구광역시,메르세데스벤츠코리아,EQA 250(Facelift),1900000,570000,380000,110000
대구광역시,메르세데스벤츠코리아,EQB 300 4MATIC(Facelift),1540000,460000,310000,90000
대구광역시,메르세데스벤츠코리아,EQB 300 4MATIC(Facelift)(CY25/2),1620000,480000,320000,100000
대구광역시,볼보자동차코리아,볼보 EX30 Single Motor ER,2470000,740000,490000,150000
대구광역시,볼보자동차코리아,볼보 EX30CC Twin Motor Perf,2220000,660000,440000,130000
대구광역시,비와이디코리아,(단종)BYD ATTO 3,1260000,370000,250000,80000
대구광역시,비와이디코리아,(단종)BYD DOLPHIN,1090000,320000,220000,70000
대구광역시,비와이디코리아,(단종)BYD DOLPHIN Active,1320000,390000,260000,80000
대구광역시,비와이디코리아,(단종)BYD SEAL,1690000,500000,340000,100000
대구광역시,비와이디코리아,(단종)BYD SEAL Dynamic AWD,1510000,450000,300000,90000
대구광역시,비와이디코리아,(단종)BYD SEALION 7,1520000,450000,300000,90000
대구광역시,케이지모빌리티,토레스 EVX 18인치,3540000,1060000,710000,210000
대구광역시,케이지모빌리티,토레스 EVX 18인치(2026),3610000,1080000,720000,220000
대구광역시,케이지모빌리티,토레스 EVX 20인치,3440000,1030000,690000,210000
대구광역시,케이지모빌리티,토레스 EVX 20인치(2026),3540000,1060000,710000,210000
대구광역시,케이지모빌리티,(단종)토레스 EVX 2WD 18인치,3270000,980000,650000,200000
대구광역시,케이지모빌리티,(단종)토레스 EVX 2WD 20인치,3120000,930000,620000,190000
대구광역시,테슬라코리아,Model 3 Performance,2000000,600000,400000,120000
대구광역시,테슬라코리아,Model 3 Premium Long Range RWD,4200000,1260000,840000,250000
대구광역시,테슬라코리아,Model 3 Premium Long Range RWD(5999만원),2100000,630000,420000,130000
대구광역시,테슬라코리아,Model 3 RWD,1680000,500000,340000,100000
대구광역시,테슬라코리아,Model 3 RWD(2025),1680000,500000,340000,100000
대구광역시,테슬라코리아,Model Y L AWD,2150000,640000,430000,130000
대구광역시,테슬라코리아,Model Y Long Range(2025),2100000,630000,420000,130000
대구광역시,테슬라코리아,Model Y Premium Long Range,2100000,630000,420000,130000
대구광역시,테슬라코리아,Model Y Premium RWD,1700000,510000,340000,100000
대구광역시,테슬라코리아,Model Y RWD(2025),1700000,510000,340000,100000
대구광역시,폭스바겐그룹코리아,ID.4 Pro,4320000,1290000,860000,260000
대구광역시,폭스바겐그룹코리아,Q4 45 e-tron,2060000,610000,410000,120000
대구광역시,폭스바겐그룹코리아,Q4 Sportback 45 e-tron,2060000,610000,410000,120000
대구광역시,폭스바겐그룹코리아,(단종)Q6 e-tron performance,2200000,660000,440000,130000
대구광역시,폭스바겐그룹코리아,iD.5 Pro,4730000,1410000,950000,290000
대구광역시,폴스타오토모티브코리아,Polestar 4 Coupe Dual Motor,1680000,500000,340000,100000
대구광역시,폴스타오토모티브코리아,Polestar 4 Coupe Rear Motor,1810000,540000,360000,110000
대구광역시,현대자동차,ELECTRIFIED G80,2700000,810000,540000,160000
대구광역시,현대자동차,ELECTRIFIED GV70 AWD 19인치,2610000,780000,520000,160000
대구광역시,현대자동차,ELECTRIFIED GV70 AWD 20인치,2450000,730000,490000,150000
대구광역시,현대자동차,GV60 스탠다드 2WD 19인치,2850000,850000,570000,170000
대구광역시,현대자동차,GV60 스탠다드 AWD 19인치,2720000,810000,540000,160000
대구광역시,현대자동차,GV60 스탠다드 AWD 20인치,2610000,780000,520000,160000
대구광역시,현대자동차,더 뉴 아이오닉5 2WD 롱레인지 19인치,5640000,1690000,1000000,300000
대구광역시,현대자동차,더 뉴 아이오닉5 2WD 롱레인지 19인치 빌트인 캠 미적용,5670000,1700000,1000000,300000
대구광역시,현대자동차,더 뉴 아이오닉5 2WD 롱레인지 20인치,5590000,1670000,1000000,300000
대구광역시,현대자동차,더 뉴 아이오닉5 2WD 롱레인지 N라인 20인치,5410000,1620000,1000000,300000
대구광역시,현대자동차,더 뉴 아이오닉5 2WD 스탠다드 19인치,4830000,1440000,970000,290000
대구광역시,현대자동차,더 뉴 아이오닉5 AWD 롱레인지 19인치,5580000,1670000,1000000,300000
대구광역시,현대자동차,더 뉴 아이오닉5 AWD 롱레인지 20인치,5320000,1590000,1000000,300000
대구광역시,현대자동차,더 뉴 아이오닉5 AWD 롱레인지 N라인 20인치,5100000,1530000,1000000,300000
대구광역시,현대자동차,더 뉴 아이오닉6 2WD 롱레인지 18인치,5700000,1710000,1000000,300000
대구광역시,현대자동차,더 뉴 아이오닉6 2WD 롱레인지 20인치,5700000,1710000,1000000,300000
대구광역시,현대자동차,더 뉴 아이오닉6 2WD 롱레인지 N라인 20인치,5700000,1710000,1000000,300000
대구광역시,현대자동차,더 뉴 아이오닉6 2WD 스탠다드 18인치,5600000,1680000,1000000,300000
대구광역시,현대자동차,더 뉴 아이오닉6 AWD 롱레인지 18인치,5700000,1710000,1000000,300000
대구광역시,현대자동차,더 뉴 아이오닉6 AWD 롱레인지 20인치,5530000,1650000,1000000,300000
대구광역시,현대자동차,더 뉴 아이오닉6 AWD 롱레인지 N라인 20인치,5370000,1610000,1000000,300000
대구광역시,현대자동차,스타리아 라운지 일렉트릭 7인승,2290000,680000,460000,140000
대구광역시,현대자동차,스타리아 리무진 일렉트릭 6인승,2290000,680000,460000,140000
대구광역시,현대자동차,아이오닉6 N,2500000,750000,500000,150000
대구광역시,현대자동차,아이오닉9 성능형 AWD,2720000,810000,540000,160000
대구광역시,현대자동차,아이오닉9 항속형 2WD,2740000,820000,550000,170000
대구광역시,현대자동차,아이오닉9 항속형 AWD,2710000,810000,540000,160000
대구광역시,현대자동차,캐스퍼 일렉트릭 기본형 15인치,4900000,1470000,980000,290000
대구광역시,현대자동차,캐스퍼 일렉트릭 크로스 17인치,4870000,1460000,970000,290000
대구광역시,현대자동차,캐스퍼 일렉트릭 항속형 15인치,4900000,1470000,980000,290000
대구광역시,현대자동차,캐스퍼 일렉트릭 항속형 17인치(라운지포함),4900000,1470000,980000,290000
대구광역시,현대자동차,코나 일렉트릭 2WD 롱레인지 17인치,5140000,1540000,1000000,300000
대구광역시,현대자동차,코나 일렉트릭 2WD 롱레인지 17인치 빌트인 캠 미적용,5140000,1540000,1000000,300000
대구광역시,현대자동차,코나 일렉트릭 2WD 롱레인지 19인치,4590000,1370000,920000,280000
대구광역시,현대자동차,코나 일렉트릭 2WD 스탠다드 17인치,4370000,1310000,870000,260000
인천광역시,BMW,MINI Aceman E,4000000,1200000,800000,240000
인천광역시,BMW,MINI Aceman SE,4000000,1200000,800000,240000
인천광역시,BMW,MINI Cooper SE,3960000,1180000,790000,240000
인천광역시,BMW,MINI Countryman E,2170000,650000,430000,130000
인천광역시,BMW,MINI Countryman SE ALL4,2030000,600000,410000,120000
인천광역시,BMW,MINI JCW Aceman E,1970000,590000,390000,120000
인천광역시,BMW,MINI JCW E,1910000,570000,380000,110000
인천광역시,BMW,i4 M60 LCI (71HD),2330000,690000,470000,140000
인천광역시,BMW,i4 eDrive 40 LCI(21HD),2440000,730000,490000,150000
인천광역시,BMW,i4 eDrive 40 LCI(61HD),2560000,760000,510000,150000
인천광역시,BMW,i5 eDrive 40,2620000,780000,520000,160000
인천광역시,BMW,iX1 eDrive20,2120000,630000,420000,130000
인천광역시,BMW,iX1 xDrive30,1920000,570000,380000,110000
인천광역시,BMW,iX2 eDrive20,2140000,640000,430000,130000
인천광역시,BMW,iX3 50 xDrive,2750000,820000,550000,170000
인천광역시,기아,EV3 GT,2480000,740000,500000,150000
인천광역시,기아,EV3 롱레인지 2WD 17인치,5550000,1660000,1000000,300000
인천광역시,기아,EV3 롱레인지 2WD 19인치,5550000,1660000,1000000,300000
인천광역시,기아,EV3 롱레인지 4WD 19인치,5390000,1610000,1000000,300000
인천광역시,기아,EV3 스탠다드 2WD,4690000,1400000,940000,280000
인천광역시,기아,EV4 GT,2550000,760000,510000,150000
인천광역시,기아,EV4 롱레인지 2WD 17인치,5550000,1660000,1000000,300000
인천광역시,기아,EV4 롱레인지 2WD 19인치,5550000,1660000,1000000,300000
인천광역시,기아,EV4 롱레인지 4WD 19인치,5540000,1660000,1000000,300000
인천광역시,기아,EV4 롱레인지 GTL 2WD 19인치,5550000,1660000,1000000,300000
인천광역시,기아,EV4 스탠다드 2WD 17인치,5120000,1530000,1000000,300000
인천광역시,기아,EV4 스탠다드 2WD 19인치,4810000,1440000,960000,290000
인천광역시,기아,EV5 GT,2320000,690000,460000,140000
인천광역시,기아,EV5 롱레인지 2WD,5520000,1650000,1000000,300000
인천광역시,기아,EV5 롱레인지 4WD 18인치,4990000,1490000,1000000,300000
인천광역시,기아,EV5 롱레인지 4WD 19인치,4930000,1470000,990000,300000
인천광역시,기아,EV9 GT,2450000,730000,490000,150000
인천광역시,기아,EV9 롱레인지 2WD 19인치,2700000,810000,540000,160000
인천광역시,기아,EV9 롱레인지 2WD 20인치,2680000,800000,540000,160000
인천광역시,기아,EV9 롱레인지 4WD 19인치,2540000,760000,510000,150000
인천광역시,기아,EV9 롱레인지 4WD 21인치,2600000,780000,520000,160000
인천광역시,기아,EV9 롱레인지 GTL 4WD 21인치,2520000,750000,500000,150000
인천광역시,기아,EV9 스탠다드,2370000,710000,470000,140000
인천광역시,기아,PV5 패신저 5인승 롱레인지,4580000,1370000,920000,280000
인천광역시,기아,Pv5 WAV(비용 미지원),6480000,1940000,1000000,300000
인천광역시,기아,Pv5 WAV(비용 지원),4480000,1340000,900000,270000
인천광역시,기아,(단종)The all-new Kia Niro EV,4890000,1460000,980000,290000
인천광역시,기아,더뉴EV6 롱레인지 2WD 19인치,5700000,1710000,1000000,300000
인천광역시,기아,더뉴EV6 롱레인지 2WD 20인치,5590000,1670000,1000000,300000
인천광역시,기아,더뉴EV6 롱레인지 4WD 19인치,5610000,1680000,1000000,300000
인천광역시,기아,더뉴EV6 롱레인지 4WD 20인치,5320000,1590000,1000000,300000
인천광역시,기아,더뉴EV6 스탠다드,5010000,1500000,1000000,300000
인천광역시,기아,레이 EV 2WD 14인치 1인승 밴,4570000,1370000,910000,270000
인천광역시,기아,레이 EV 2WD 14인치 2인승 밴,4570000,1370000,910000,270000
인천광역시,기아,레이 EV 2WD 14인치 4인승 승용,4570000,1370000,910000,270000
인천광역시,메르세데스벤츠코리아,EQA 250(Facelift),1900000,570000,380000,110000
인천광역시,메르세데스벤츠코리아,EQB 300 4MATIC(Facelift),1540000,460000,310000,90000
인천광역시,메르세데스벤츠코리아,EQB 300 4MATIC(Facelift)(CY25/2),1620000,480000,320000,100000
인천광역시,볼보자동차코리아,볼보 EX30 Single Motor ER,2470000,740000,490000,150000
인천광역시,볼보자동차코리아,볼보 EX30CC Twin Motor Perf,2220000,660000,440000,130000
인천광역시,비와이디코리아,(단종)BYD ATTO 3,1260000,370000,250000,80000
인천광역시,비와이디코리아,(단종)BYD DOLPHIN,1090000,320000,220000,70000
인천광역시,비와이디코리아,(단종)BYD DOLPHIN Active,1320000,390000,260000,80000
인천광역시,비와이디코리아,(단종)BYD SEAL,1690000,500000,340000,100000
인천광역시,비와이디코리아,(단종)BYD SEAL Dynamic AWD,1510000,450000,300000,90000
인천광역시,비와이디코리아,(단종)BYD SEALION 7,1520000,450000,300000,90000
인천광역시,케이지모빌리티,토레스 EVX 18인치,3540000,1060000,710000,210000
인천광역시,케이지모빌리티,토레스 EVX 18인치(2026),3610000,1080000,720000,220000
인천광역시,케이지모빌리티,토레스 EVX 20인치,3440000,1030000,690000,210000
인천광역시,케이지모빌리티,토레스 EVX 20인치(2026),3540000,1060000,710000,210000
인천광역시,케이지모빌리티,(단종)토레스 EVX 2WD 18인치,3270000,980000,650000,200000
인천광역시,케이지모빌리티,(단종)토레스 EVX 2WD 20인치,3120000,930000,620000,190000
인천광역시,테슬라코리아,Model 3 Performance,2000000,600000,400000,120000
인천광역시,테슬라코리아,Model 3 Premium Long Range RWD,4200000,1260000,840000,250000
인천광역시,테슬라코리아,Model 3 RWD,1680000,500000,340000,100000
인천광역시,테슬라코리아,Model 3 RWD(2025),1680000,500000,340000,100000
인천광역시,테슬라코리아,Model Y L AWD,2150000,630000,430000,130000
인천광역시,테슬라코리아,Model Y Long Range(2025),2100000,630000,420000,130000
인천광역시,테슬라코리아,Model Y Premium Long Range,2100000,630000,420000,130000
인천광역시,테슬라코리아,Model Y Premium RWD,1700000,510000,340000,100000
인천광역시,테슬라코리아,Model Y RWD(2025),1700000,510000,340000,100000
인천광역시,폭스바겐그룹코리아,ID.4 Pro,4320000,1290000,860000,260000
인천광역시,폭스바겐그룹코리아,Q4 45 e-tron,2060000,610000,410000,120000
인천광역시,폭스바겐그룹코리아,Q4 Sportback 45 e-tron,2060000,610000,410000,120000
인천광역시,폭스바겐그룹코리아,(단종)Q6 e-tron performance,2200000,660000,440000,130000
인천광역시,폭스바겐그룹코리아,iD.5 Pro,4730000,1410000,950000,290000
인천광역시,현대자동차,ELECTRIFIED G80,2700000,810000,540000,160000
인천광역시,현대자동차,ELECTRIFIED GV70 AWD 19인치,2610000,780000,520000,160000
인천광역시,현대자동차,ELECTRIFIED GV70 AWD 20인치,2450000,730000,490000,150000
인천광역시,현대자동차,GV60 스탠다드 2WD 19인치,2850000,850000,570000,170000
인천광역시,현대자동차,GV60 스탠다드 AWD 19인치,2720000,810000,540000,160000
인천광역시,현대자동차,GV60 스탠다드 AWD 20인치,2610000,780000,520000,160000
인천광역시,현대자동차,더 뉴 아이오닉5 2WD 롱레인지 19인치,5640000,1690000,1000000,300000
인천광역시,현대자동차,더 뉴 아이오닉5 2WD 롱레인지 19인치 빌트인 캠 미적용,5670000,1700000,1000000,300000
인천광역시,현대자동차,더 뉴 아이오닉5 2WD 롱레인지 20인치,5590000,1670000,1000000,300000
인천광역시,현대자동차,더 뉴 아이오닉5 2WD 롱레인지 N라인 20인치,5410000,1620000,1000000,300000
인천광역시,현대자동차,더 뉴 아이오닉5 2WD 스탠다드 19인치,4830000,1440000,970000,290000
인천광역시,현대자동차,더 뉴 아이오닉5 AWD 롱레인지 19인치,5580000,1670000,1000000,300000
인천광역시,현대자동차,더 뉴 아이오닉5 AWD 롱레인지 20인치,5320000,1590000,1000000,300000
인천광역시,현대자동차,더 뉴 아이오닉5 AWD 롱레인지 N라인 20인치,5100000,1530000,1000000,300000
인천광역시,현대자동차,더 뉴 아이오닉6 2WD 롱레인지 18인치,5700000,1710000,1000000,300000
인천광역시,현대자동차,더 뉴 아이오닉6 2WD 롱레인지 20인치,5700000,1710000,1000000,300000
인천광역시,현대자동차,더 뉴 아이오닉6 2WD 롱레인지 N라인 20인치,5700000,1710000,1000000,300000
인천광역시,현대자동차,더 뉴 아이오닉6 2WD 스탠다드 18인치,5600000,1680000,1000000,300000
인천광역시,현대자동차,더 뉴 아이오닉6 AWD 롱레인지 18인치,5700000,1710000,1000000,300000
인천광역시,현대자동차,더 뉴 아이오닉6 AWD 롱레인지 20인치,5530000,1650000,1000000,300000
인천광역시,현대자동차,더 뉴 아이오닉6 AWD 롱레인지 N라인 20인치,5370000,1610000,1000000,300000
인천광역시,현대자동차,스타리아 라운지 일렉트릭 7인승,2290000,680000,460000,140000
인천광역시,현대자동차,스타리아 리무진 일렉트릭 6인승,2290000,680000,460000,140000
인천광역시,현대자동차,아이오닉6 N,2500000,750000,500000,150000
인천광역시,현대자동차,아이오닉9 성능형 AWD,2720000,810000,540000,160000
인천광역시,현대자동차,아이오닉9 항속형 2WD,2740000,820000,550000,170000
인천광역시,현대자동차,아이오닉9 항속형 AWD,2710000,810000,540000,160000
인천광역시,현대자동차,캐스퍼 일렉트릭 기본형 15인치,4900000,1470000,980000,290000
인천광역시,현대자동차,캐스퍼 일렉트릭 크로스 17인치,4870000,1460000,970000,290000
인천광역시,현대자동차,캐스퍼 일렉트릭 항속형 15인치,4900000,1470000,980000,290000
인천광역시,현대자동차,캐스퍼 일렉트릭 항속형 17인치(라운지포함),4900000,1470000,980000,290000
인천광역시,현대자동차,코나 일렉트릭 2WD 롱레인지 17인치,5140000,1540000,1000000,300000
인천광역시,현대자동차,코나 일렉트릭 2WD 롱레인지 17인치 빌트인 캠 미적용,5140000,1540000,1000000,300000
인천광역시,현대자동차,코나 일렉트릭 2WD 롱레인지 19인치,4590000,1370000,920000,280000
인천광역시,현대자동차,코나 일렉트릭 2WD 스탠다드 17인치,4370000,1310000,870000,260000
광주광역시,BMW,MINI Aceman E,4000000,1200000,800000,240000
광주광역시,BMW,MINI Aceman SE,4000000,1200000,800000,240000
광주광역시,BMW,MINI Cooper SE,3960000,1180000,790000,240000
광주광역시,BMW,MINI Countryman E,2170000,650000,430000,130000
광주광역시,BMW,MINI Countryman SE ALL4,2030000,600000,410000,120000
광주광역시,BMW,MINI JCW Aceman E,1970000,590000,390000,120000
광주광역시,BMW,MINI JCW E,1910000,570000,380000,110000
광주광역시,BMW,i4 M60 LCI (71HD),2330000,690000,470000,140000
광주광역시,BMW,i4 eDrive 40 LCI(21HD),2440000,730000,490000,150000
광주광역시,BMW,i4 eDrive 40 LCI(61HD),2560000,760000,510000,150000
광주광역시,BMW,i5 eDrive 40,2620000,780000,520000,160000
광주광역시,BMW,iX1 eDrive20,2120000,630000,420000,130000
광주광역시,BMW,iX1 eDrive20(11HM),2350000,700000,470000,140000
광주광역시,BMW,iX1 xDrive30,1920000,570000,380000,110000
광주광역시,BMW,iX2 eDrive20,2140000,640000,430000,130000
광주광역시,BMW,iX2 eDrive20(71GN),2390000,710000,480000,140000
광주광역시,BMW,iX3 50 xDrive,2750000,820000,550000,170000
광주광역시,기아,EV3 GT,2480000,740000,500000,150000
광주광역시,기아,EV3 롱레인지 2WD 17인치,5550000,1660000,1000000,300000
광주광역시,기아,EV3 롱레인지 2WD 19인치,5550000,1660000,1000000,300000
광주광역시,기아,EV3 롱레인지 4WD 19인치,5390000,1610000,1000000,300000
광주광역시,기아,EV3 스탠다드 2WD,4690000,1400000,940000,280000
광주광역시,기아,EV4 GT,2550000,760000,510000,150000
광주광역시,기아,EV4 롱레인지 2WD 17인치,5550000,1660000,1000000,300000
광주광역시,기아,EV4 롱레인지 2WD 19인치,5550000,1660000,1000000,300000
광주광역시,기아,EV4 롱레인지 4WD 19인치,5540000,1660000,1000000,300000
광주광역시,기아,EV4 롱레인지 GTL 2WD 19인치,5550000,1660000,1000000,300000
광주광역시,기아,EV4 스탠다드 2WD 17인치,5120000,1530000,1000000,300000
광주광역시,기아,EV4 스탠다드 2WD 19인치,4810000,1440000,960000,290000
광주광역시,기아,EV5 GT,2320000,690000,460000,140000
광주광역시,기아,EV5 롱레인지 2WD,5520000,1650000,1000000,300000
광주광역시,기아,EV5 롱레인지 4WD 18인치,4990000,1490000,1000000,300000
광주광역시,기아,EV5 롱레인지 4WD 19인치,4930000,1470000,990000,300000
광주광역시,기아,EV9 GT,2450000,730000,490000,150000
광주광역시,기아,EV9 롱레인지 2WD 19인치,2700000,810000,540000,160000
광주광역시,기아,EV9 롱레인지 2WD 20인치,2680000,800000,540000,160000
광주광역시,기아,EV9 롱레인지 4WD 19인치,2540000,760000,510000,150000
광주광역시,기아,EV9 롱레인지 4WD 21인치,2600000,780000,520000,160000
광주광역시,기아,EV9 롱레인지 GTL 4WD 21인치,2520000,750000,500000,150000
광주광역시,기아,EV9 스탠다드,2370000,710000,470000,140000
광주광역시,기아,PV5 패신저 5인승 롱레인지,4580000,1370000,920000,280000
광주광역시,기아,Pv5 WAV(비용 미지원),6480000,1940000,1000000,300000
광주광역시,기아,Pv5 WAV(비용 지원),4480000,1340000,900000,270000
광주광역시,기아,(단종)The all-new Kia Niro EV,4890000,1460000,980000,290000
광주광역시,기아,더뉴EV6 롱레인지 2WD 19인치,5700000,1710000,1000000,300000
광주광역시,기아,더뉴EV6 롱레인지 2WD 20인치,5590000,1670000,1000000,300000
광주광역시,기아,더뉴EV6 롱레인지 4WD 19인치,5610000,1680000,1000000,300000
광주광역시,기아,더뉴EV6 롱레인지 4WD 20인치,5320000,1590000,1000000,300000
광주광역시,기아,더뉴EV6 스탠다드,5010000,1500000,1000000,300000
광주광역시,기아,레이 EV 2WD 14인치 1인승 밴,4570000,1370000,910000,270000
광주광역시,기아,레이 EV 2WD 14인치 2인승 밴,4570000,1370000,910000,270000
광주광역시,기아,레이 EV 2WD 14인치 4인승 승용,4570000,1370000,910000,270000
광주광역시,메르세데스벤츠코리아,EQA 250(Facelift),1900000,570000,380000,110000
광주광역시,메르세데스벤츠코리아,EQB 300 4MATIC(Facelift),1540000,460000,310000,90000
광주광역시,메르세데스벤츠코리아,EQB 300 4MATIC(Facelift)(CY25/2),1620000,480000,320000,100000
광주광역시,볼보자동차코리아,볼보 EX30 Single Motor ER,2470000,740000,490000,150000
광주광역시,볼보자동차코리아,볼보 EX30CC Twin Motor Perf,2220000,660000,440000,130000
광주광역시,비와이디코리아,(단종)BYD ATTO 3,1260000,370000,250000,80000
광주광역시,비와이디코리아,(단종)BYD DOLPHIN,1090000,320000,220000,70000
광주광역시,비와이디코리아,(단종)BYD DOLPHIN Active,1320000,390000,260000,80000
광주광역시,비와이디코리아,(단종)BYD SEAL,1690000,500000,340000,100000
광주광역시,비와이디코리아,(단종)BYD SEAL Dynamic AWD,1510000,450000,300000,90000
광주광역시,비와이디코리아,(단종)BYD SEALION 7,1520000,450000,300000,90000
광주광역시,케이지모빌리티,토레스 EVX 18인치,3540000,1060000,710000,210000
광주광역시,케이지모빌리티,토레스 EVX 18인치(2026),3610000,1080000,720000,220000
광주광역시,케이지모빌리티,토레스 EVX 20인치,3440000,1030000,690000,210000
광주광역시,케이지모빌리티,토레스 EVX 20인치(2026),3540000,1060000,710000,210000
광주광역시,케이지모빌리티,(단종)토레스 EVX 2WD 18인치,3270000,980000,650000,200000
광주광역시,케이지모빌리티,(단종)토레스 EVX 2WD 20인치,3120000,930000,620000,190000
광주광역시,테슬라코리아,Model 3 Performance,2000000,600000,400000,120000
광주광역시,테슬라코리아,Model 3 Premium Long Range RWD,4200000,1260000,840000,250000
광주광역시,테슬라코리아,Model 3 Premium Long Range RWD(5999만원),2100000,630000,420000,130000
광주광역시,테슬라코리아,Model 3 RWD,1680000,500000,340000,100000
광주광역시,테슬라코리아,Model 3 RWD(2025),1680000,500000,340000,100000
광주광역시,테슬라코리아,Model Y L AWD,2150000,640000,430000,130000
광주광역시,테슬라코리아,Model Y Long Range(2025),2100000,630000,420000,130000
광주광역시,테슬라코리아,Model Y Premium Long Range,2100000,630000,420000,130000
광주광역시,테슬라코리아,Model Y Premium RWD,1700000,510000,340000,100000
광주광역시,테슬라코리아,Model Y RWD(2025),1700000,510000,340000,100000
광주광역시,폭스바겐그룹코리아,ID.4 Pro,4320000,1290000,860000,260000
광주광역시,폭스바겐그룹코리아,Q4 45 e-tron,2060000,610000,410000,120000
광주광역시,폭스바겐그룹코리아,Q4 Sportback 45 e-tron,2060000,610000,410000,120000
광주광역시,폭스바겐그룹코리아,(단종)Q6 e-tron performance,2200000,660000,440000,130000
광주광역시,폭스바겐그룹코리아,iD.5 Pro,4730000,1410000,950000,290000
광주광역시,폴스타오토모티브코리아,Polestar 4 Coupe Dual Motor,1680000,500000,340000,100000
광주광역시,폴스타오토모티브코리아,Polestar 4 Coupe Rear Motor,1810000,540000,360000,110000
광주광역시,현대자동차,ELECTRIFIED G80,2700000,810000,540000,160000
광주광역시,현대자동차,ELECTRIFIED GV70 AWD 19인치,2610000,780000,520000,160000
광주광역시,현대자동차,ELECTRIFIED GV70 AWD 20인치,2450000,730000,490000,150000
광주광역시,현대자동차,GV60 스탠다드 2WD 19인치,2850000,850000,570000,170000
광주광역시,현대자동차,GV60 스탠다드 AWD 19인치,2720000,810000,540000,160000
광주광역시,현대자동차,GV60 스탠다드 AWD 20인치,2610000,780000,520000,160000
광주광역시,현대자동차,더 뉴 아이오닉5 2WD 롱레인지 19인치,5640000,1690000,1000000,300000
광주광역시,현대자동차,더 뉴 아이오닉5 2WD 롱레인지 19인치 빌트인 캠 미적용,5670000,1700000,1000000,300000
광주광역시,현대자동차,더 뉴 아이오닉5 2WD 롱레인지 20인치,5590000,1670000,1000000,300000
광주광역시,현대자동차,더 뉴 아이오닉5 2WD 롱레인지 N라인 20인치,5410000,1620000,1000000,300000
광주광역시,현대자동차,더 뉴 아이오닉5 2WD 스탠다드 19인치,4830000,1440000,970000,290000
광주광역시,현대자동차,더 뉴 아이오닉5 AWD 롱레인지 19인치,5580000,1670000,1000000,300000
광주광역시,현대자동차,더 뉴 아이오닉5 AWD 롱레인지 20인치,5320000,1590000,1000000,300000
광주광역시,현대자동차,더 뉴 아이오닉5 AWD 롱레인지 N라인 20인치,5100000,1530000,1000000,300000
광주광역시,현대자동차,더 뉴 아이오닉6 2WD 롱레인지 18인치,5700000,1710000,1000000,300000
광주광역시,현대자동차,더 뉴 아이오닉6 2WD 롱레인지 20인치,5700000,1710000,1000000,300000
광주광역시,현대자동차,더 뉴 아이오닉6 2WD 롱레인지 N라인 20인치,5700000,1710000,1000000,300000
광주광역시,현대자동차,더 뉴 아이오닉6 2WD 스탠다드 18인치,5600000,1680000,1000000,300000
광주광역시,현대자동차,더 뉴 아이오닉6 AWD 롱레인지 18인치,5700000,1710000,1000000,300000
광주광역시,현대자동차,더 뉴 아이오닉6 AWD 롱레인지 20인치,5530000,1650000,1000000,300000
광주광역시,현대자동차,더 뉴 아이오닉6 AWD 롱레인지 N라인 20인치,5370000,1610000,1000000,300000
광주광역시,현대자동차,스타리아 라운지 일렉트릭 7인승,2290000,680000,460000,140000
광주광역시,현대자동차,스타리아 리무진 일렉트릭 6인승,2290000,680000,460000,140000
광주광역시,현대자동차,아이오닉6 N,2500000,750000,500000,150000
광주광역시,현대자동차,아이오닉9 성능형 AWD,2720000,810000,540000,160000
광주광역시,현대자동차,아이오닉9 항속형 2WD,2740000,820000,550000,170000
광주광역시,현대자동차,아이오닉9 항속형 AWD,2710000,810000,540000,160000
광주광역시,현대자동차,캐스퍼 일렉트릭 기본형 15인치,4900000,1470000,980000,290000
광주광역시,현대자동차,캐스퍼 일렉트릭 크로스 17인치,4870000,1460000,970000,290000
광주광역시,현대자동차,캐스퍼 일렉트릭 항속형 15인치,4900000,1470000,980000,290000
광주광역시,현대자동차,캐스퍼 일렉트릭 항속형 17인치(라운지포함),4900000,1470000,980000,290000
광주광역시,현대자동차,코나 일렉트릭 2WD 롱레인지 17인치,5140000,1540000,1000000,300000
광주광역시,현대자동차,코나 일렉트릭 2WD 롱레인지 17인치 빌트인 캠 미적용,5140000,1540000,1000000,300000
광주광역시,현대자동차,코나 일렉트릭 2WD 롱레인지 19인치,4590000,1370000,920000,280000
광주광역시,현대자동차,코나 일렉트릭 2WD 스탠다드 17인치,4370000,1310000,870000,260000
대전광역시,BMW,MINI Aceman E,4000000,1200000,800000,240000
대전광역시,BMW,MINI Aceman SE,4000000,1200000,800000,240000
대전광역시,BMW,MINI Cooper SE,3960000,1180000,790000,240000
대전광역시,BMW,MINI Countryman E,2170000,650000,430000,130000
대전광역시,BMW,MINI Countryman SE ALL4,2030000,600000,410000,120000
대전광역시,BMW,MINI JCW Aceman E,1970000,590000,390000,120000
대전광역시,BMW,MINI JCW E,1910000,570000,380000,110000
대전광역시,BMW,i4 M60 LCI (71HD),2330000,690000,470000,140000
대전광역시,BMW,i4 eDrive 40 LCI(21HD),2440000,730000,490000,150000
대전광역시,BMW,i4 eDrive 40 LCI(61HD),2560000,760000,510000,150000
대전광역시,BMW,i5 eDrive 40,2620000,780000,520000,160000
대전광역시,BMW,iX1 eDrive20,2120000,630000,420000,130000
대전광역시,BMW,iX1 eDrive20(11HM),2350000,0,470000,140000
대전광역시,BMW,iX1 xDrive30,1920000,570000,380000,110000
대전광역시,BMW,iX2 eDrive20,2140000,640000,430000,130000
대전광역시,BMW,iX2 eDrive20(71GN),2390000,0,480000,140000
대전광역시,BMW,iX3 50 xDrive,2750000,820000,550000,170000
대전광역시,기아,EV3 GT,2480000,740000,500000,150000
대전광역시,기아,EV3 롱레인지 2WD 17인치,5550000,1660000,1000000,300000
대전광역시,기아,EV3 롱레인지 2WD 19인치,5550000,1660000,1000000,300000
대전광역시,기아,EV3 롱레인지 4WD 19인치,5390000,1610000,1000000,300000
대전광역시,기아,EV3 스탠다드 2WD,4690000,1400000,940000,280000
대전광역시,기아,EV4 GT,2550000,760000,510000,150000
대전광역시,기아,EV4 롱레인지 2WD 17인치,5550000,1660000,1000000,300000
대전광역시,기아,EV4 롱레인지 2WD 19인치,5550000,1660000,1000000,300000
대전광역시,기아,EV4 롱레인지 4WD 19인치,5540000,1660000,1000000,300000
대전광역시,기아,EV4 롱레인지 GTL 2WD 19인치,5550000,1660000,1000000,300000
대전광역시,기아,EV4 스탠다드 2WD 17인치,5120000,1530000,1000000,300000
대전광역시,기아,EV4 스탠다드 2WD 19인치,4810000,1440000,960000,290000
대전광역시,기아,EV5 GT,2320000,690000,460000,140000
대전광역시,기아,EV5 롱레인지 2WD,5520000,1650000,1000000,300000
대전광역시,기아,EV5 롱레인지 4WD 18인치,4990000,1490000,1000000,300000
대전광역시,기아,EV5 롱레인지 4WD 19인치,4930000,1470000,990000,300000
대전광역시,기아,EV9 GT,2450000,730000,490000,150000
대전광역시,기아,EV9 롱레인지 2WD 19인치,2700000,810000,540000,160000
대전광역시,기아,EV9 롱레인지 2WD 20인치,2680000,800000,540000,160000
대전광역시,기아,EV9 롱레인지 4WD 19인치,2540000,760000,510000,150000
대전광역시,기아,EV9 롱레인지 4WD 21인치,2600000,780000,520000,160000
대전광역시,기아,EV9 롱레인지 GTL 4WD 21인치,2520000,750000,500000,150000
대전광역시,기아,EV9 스탠다드,2370000,710000,470000,140000
대전광역시,기아,PV5 패신저 5인승 롱레인지,4580000,1370000,920000,280000
대전광역시,기아,Pv5 WAV(비용 미지원),6480000,1940000,1000000,300000
대전광역시,기아,Pv5 WAV(비용 지원),4480000,1340000,900000,270000
대전광역시,기아,(단종)The all-new Kia Niro EV,4890000,1460000,980000,290000
대전광역시,기아,더뉴EV6 롱레인지 2WD 19인치,5700000,1710000,1000000,300000
대전광역시,기아,더뉴EV6 롱레인지 2WD 20인치,5590000,1670000,1000000,300000
대전광역시,기아,더뉴EV6 롱레인지 4WD 19인치,5610000,1680000,1000000,300000
대전광역시,기아,더뉴EV6 롱레인지 4WD 20인치,5320000,1590000,1000000,300000
대전광역시,기아,더뉴EV6 스탠다드,5010000,1500000,1000000,300000
대전광역시,기아,레이 EV 2WD 14인치 1인승 밴,4570000,1370000,910000,270000
대전광역시,기아,레이 EV 2WD 14인치 2인승 밴,4570000,1370000,910000,270000
대전광역시,기아,레이 EV 2WD 14인치 4인승 승용,4570000,1370000,910000,270000
대전광역시,메르세데스벤츠코리아,EQA 250(Facelift),1900000,570000,380000,110000
대전광역시,메르세데스벤츠코리아,EQB 300 4MATIC(Facelift),1540000,460000,310000,90000
대전광역시,메르세데스벤츠코리아,EQB 300 4MATIC(Facelift)(CY25/2),1620000,480000,320000,100000
대전광역시,볼보자동차코리아,볼보 EX30 Single Motor ER,2470000,740000,490000,150000
대전광역시,볼보자동차코리아,볼보 EX30CC Twin Motor Perf,2220000,660000,440000,130000
대전광역시,비와이디코리아,(단종)BYD ATTO 3,1260000,370000,250000,80000
대전광역시,비와이디코리아,(단종)BYD DOLPHIN,1090000,320000,220000,70000
대전광역시,비와이디코리아,(단종)BYD DOLPHIN Active,1320000,390000,260000,80000
대전광역시,비와이디코리아,(단종)BYD SEAL,1690000,500000,340000,100000
대전광역시,비와이디코리아,(단종)BYD SEAL Dynamic AWD,1510000,450000,300000,90000
대전광역시,비와이디코리아,(단종)BYD SEALION 7,1520000,450000,300000,90000
대전광역시,케이지모빌리티,토레스 EVX 18인치,3540000,1060000,710000,210000
대전광역시,케이지모빌리티,토레스 EVX 18인치(2026),3610000,1080000,720000,220000
대전광역시,케이지모빌리티,토레스 EVX 20인치,3440000,1030000,690000,210000
대전광역시,케이지모빌리티,토레스 EVX 20인치(2026),3540000,1060000,710000,210000
대전광역시,케이지모빌리티,(단종)토레스 EVX 2WD 18인치,3270000,980000,650000,200000
대전광역시,케이지모빌리티,(단종)토레스 EVX 2WD 20인치,3120000,930000,620000,190000
대전광역시,테슬라코리아,Model 3 Performance,2000000,600000,400000,120000
대전광역시,테슬라코리아,Model 3 Premium Long Range RWD,4200000,1260000,840000,250000
대전광역시,테슬라코리아,Model 3 Premium Long Range RWD(5999만원),2100000,630000,420000,130000
대전광역시,테슬라코리아,Model 3 RWD,1680000,500000,340000,100000
대전광역시,테슬라코리아,Model 3 RWD(2025),1680000,500000,340000,100000
대전광역시,테슬라코리아,Model Y L AWD,2150000,640000,430000,130000
대전광역시,테슬라코리아,Model Y Long Range(2025),2100000,630000,420000,130000
대전광역시,테슬라코리아,Model Y Premium Long Range,2100000,630000,420000,130000
대전광역시,테슬라코리아,Model Y Premium RWD,1700000,510000,340000,100000
대전광역시,테슬라코리아,Model Y RWD(2025),1700000,510000,340000,100000
대전광역시,폭스바겐그룹코리아,ID.4 Pro,4320000,1290000,860000,260000
대전광역시,폭스바겐그룹코리아,Q4 45 e-tron,2060000,610000,410000,120000
대전광역시,폭스바겐그룹코리아,Q4 Sportback 45 e-tron,2060000,610000,410000,120000
대전광역시,폭스바겐그룹코리아,(단종)Q6 e-tron performance,2200000,660000,440000,130000
대전광역시,폭스바겐그룹코리아,iD.5 Pro,4730000,1410000,950000,290000
대전광역시,폴스타오토모티브코리아,Polestar 4 Coupe Dual Motor,1680000,500000,340000,100000
대전광역시,폴스타오토모티브코리아,Polestar 4 Coupe Rear Motor,1810000,540000,360000,110000
대전광역시,현대자동차,ELECTRIFIED G80,2700000,810000,540000,160000
대전광역시,현대자동차,ELECTRIFIED GV70 AWD 19인치,2610000,780000,520000,160000
대전광역시,현대자동차,ELECTRIFIED GV70 AWD 20인치,2450000,730000,490000,150000
대전광역시,현대자동차,GV60 스탠다드 2WD 19인치,2850000,850000,570000,170000
대전광역시,현대자동차,GV60 스탠다드 AWD 19인치,2720000,810000,540000,160000
대전광역시,현대자동차,GV60 스탠다드 AWD 20인치,2610000,780000,520000,160000
대전광역시,현대자동차,더 뉴 아이오닉5 2WD 롱레인지 19인치,5640000,1690000,1000000,300000
대전광역시,현대자동차,더 뉴 아이오닉5 2WD 롱레인지 19인치 빌트인 캠 미적용,5670000,1700000,1000000,300000
대전광역시,현대자동차,더 뉴 아이오닉5 2WD 롱레인지 20인치,5590000,1670000,1000000,300000
대전광역시,현대자동차,더 뉴 아이오닉5 2WD 롱레인지 N라인 20인치,5410000,1620000,1000000,300000
대전광역시,현대자동차,더 뉴 아이오닉5 2WD 스탠다드 19인치,4830000,1440000,970000,290000
대전광역시,현대자동차,더 뉴 아이오닉5 AWD 롱레인지 19인치,5580000,1670000,1000000,300000
대전광역시,현대자동차,더 뉴 아이오닉5 AWD 롱레인지 20인치,5320000,1590000,1000000,300000
대전광역시,현대자동차,더 뉴 아이오닉5 AWD 롱레인지 N라인 20인치,5100000,1530000,1000000,300000
대전광역시,현대자동차,더 뉴 아이오닉6 2WD 롱레인지 18인치,5700000,1710000,1000000,300000
대전광역시,현대자동차,더 뉴 아이오닉6 2WD 롱레인지 20인치,5700000,1710000,1000000,300000
대전광역시,현대자동차,더 뉴 아이오닉6 2WD 롱레인지 N라인 20인치,5700000,1710000,1000000,300000
대전광역시,현대자동차,더 뉴 아이오닉6 2WD 스탠다드 18인치,5600000,1680000,1000000,300000
대전광역시,현대자동차,더 뉴 아이오닉6 AWD 롱레인지 18인치,5700000,1710000,1000000,300000
대전광역시,현대자동차,더 뉴 아이오닉6 AWD 롱레인지 20인치,5530000,1650000,1000000,300000
대전광역시,현대자동차,더 뉴 아이오닉6 AWD 롱레인지 N라인 20인치,5370000,1610000,1000000,300000
대전광역시,현대자동차,스타리아 라운지 일렉트릭 7인승,2290000,680000,460000,140000
대전광역시,현대자동차,스타리아 리무진 일렉트릭 6인승,2290000,680000,460000,140000
대전광역시,현대자동차,아이오닉6 N,2500000,750000,500000,150000
대전광역시,현대자동차,아이오닉9 성능형 AWD,2720000,810000,540000,160000
대전광역시,현대자동차,아이오닉9 항속형 2WD,2740000,820000,550000,170000
대전광역시,현대자동차,아이오닉9 항속형 AWD,2710000,810000,540000,160000
대전광역시,현대자동차,캐스퍼 일렉트릭 기본형 15인치,4900000,1470000,980000,290000
대전광역시,현대자동차,캐스퍼 일렉트릭 크로스 17인치,4870000,1460000,970000,290000
대전광역시,현대자동차,캐스퍼 일렉트릭 항속형 15인치,4900000,1470000,980000,290000
대전광역시,현대자동차,캐스퍼 일렉트릭 항속형 17인치(라운지포함),4900000,1470000,980000,290000
대전광역시,현대자동차,코나 일렉트릭 2WD 롱레인지 17인치,5140000,1540000,1000000,300000
대전광역시,현대자동차,코나 일렉트릭 2WD 롱레인지 17인치 빌트인 캠 미적용,5140000,1540000,1000000,300000
대전광역시,현대자동차,코나 일렉트릭 2WD 롱레인지 19인치,4590000,1370000,920000,280000
대전광역시,현대자동차,코나 일렉트릭 2WD 스탠다드 17인치,4370000,1310000,870000,260000
울산광역시,BMW,MINI Aceman E,4000000,1200000,800000,240000
울산광역시,BMW,MINI Aceman SE,4000000,1200000,800000,240000
울산광역시,BMW,MINI Cooper SE,3960000,1180000,790000,240000
울산광역시,BMW,MINI Countryman E,2170000,650000,430000,130000
울산광역시,BMW,MINI Countryman SE ALL4,2030000,600000,410000,120000
울산광역시,BMW,MINI JCW Aceman E,1970000,590000,390000,120000
울산광역시,BMW,MINI JCW E,1910000,570000,380000,110000
울산광역시,BMW,i4 M60 LCI (71HD),2330000,690000,470000,140000
울산광역시,BMW,i4 eDrive 40 LCI(21HD),2440000,730000,490000,150000
울산광역시,BMW,i4 eDrive 40 LCI(61HD),2560000,760000,510000,150000
울산광역시,BMW,i5 eDrive 40,2620000,780000,520000,160000
울산광역시,BMW,iX1 eDrive20,2120000,630000,420000,130000
울산광역시,BMW,iX1 eDrive20(11HM),2350000,700000,470000,140000
울산광역시,BMW,iX1 xDrive30,1920000,570000,380000,110000
울산광역시,BMW,iX2 eDrive20,2140000,640000,430000,130000
울산광역시,BMW,iX2 eDrive20(71GN),2390000,710000,480000,140000
울산광역시,BMW,iX3 50 xDrive,2750000,820000,550000,170000
울산광역시,기아,EV3 GT,2480000,740000,500000,150000
울산광역시,기아,EV3 롱레인지 2WD 17인치,5550000,1660000,1000000,300000
울산광역시,기아,EV3 롱레인지 2WD 19인치,5550000,1660000,1000000,300000
울산광역시,기아,EV3 롱레인지 4WD 19인치,5390000,1610000,1000000,300000
울산광역시,기아,EV3 스탠다드 2WD,4690000,1400000,940000,280000
울산광역시,기아,EV4 GT,2550000,760000,510000,150000
울산광역시,기아,EV4 롱레인지 2WD 17인치,5550000,1660000,1000000,300000
울산광역시,기아,EV4 롱레인지 2WD 19인치,5550000,1660000,1000000,300000
울산광역시,기아,EV4 롱레인지 4WD 19인치,5540000,1660000,1000000,300000
울산광역시,기아,EV4 롱레인지 GTL 2WD 19인치,5550000,1660000,1000000,300000
울산광역시,기아,EV4 스탠다드 2WD 17인치,5120000,1530000,1000000,300000
울산광역시,기아,EV4 스탠다드 2WD 19인치,4810000,1440000,960000,290000
울산광역시,기아,EV5 GT,2320000,690000,460000,140000
울산광역시,기아,EV5 롱레인지 2WD,5520000,1650000,1000000,300000
울산광역시,기아,EV5 롱레인지 4WD 18인치,4990000,1490000,1000000,300000
울산광역시,기아,EV5 롱레인지 4WD 19인치,4930000,1470000,990000,300000
울산광역시,기아,EV9 GT,2450000,730000,490000,150000
울산광역시,기아,EV9 롱레인지 2WD 19인치,2700000,810000,540000,160000
울산광역시,기아,EV9 롱레인지 2WD 20인치,2680000,800000,540000,160000
울산광역시,기아,EV9 롱레인지 4WD 19인치,2540000,760000,510000,150000
울산광역시,기아,EV9 롱레인지 4WD 21인치,2600000,780000,520000,160000
울산광역시,기아,EV9 롱레인지 GTL 4WD 21인치,2520000,750000,500000,150000
울산광역시,기아,EV9 스탠다드,2370000,710000,470000,140000
울산광역시,기아,PV5 패신저 5인승 롱레인지,4580000,1370000,920000,280000
울산광역시,기아,Pv5 WAV(비용 미지원),6480000,1940000,1000000,300000
울산광역시,기아,Pv5 WAV(비용 지원),4480000,1340000,900000,270000
울산광역시,기아,(단종)The all-new Kia Niro EV,4890000,1460000,980000,290000
울산광역시,기아,더뉴EV6 롱레인지 2WD 19인치,5700000,1710000,1000000,300000
울산광역시,기아,더뉴EV6 롱레인지 2WD 20인치,5590000,1670000,1000000,300000
울산광역시,기아,더뉴EV6 롱레인지 4WD 19인치,5610000,1680000,1000000,300000
울산광역시,기아,더뉴EV6 롱레인지 4WD 20인치,5320000,1590000,1000000,300000
울산광역시,기아,더뉴EV6 스탠다드,5010000,1500000,1000000,300000
울산광역시,기아,레이 EV 2WD 14인치 1인승 밴,4570000,1370000,910000,270000
울산광역시,기아,레이 EV 2WD 14인치 2인승 밴,4570000,1370000,910000,270000
울산광역시,기아,레이 EV 2WD 14인치 4인승 승용,4570000,1370000,910000,270000
울산광역시,메르세데스벤츠코리아,EQA 250(Facelift),1900000,570000,380000,110000
울산광역시,메르세데스벤츠코리아,EQB 300 4MATIC(Facelift),1540000,460000,310000,90000
울산광역시,메르세데스벤츠코리아,EQB 300 4MATIC(Facelift)(CY25/2),1620000,480000,320000,100000
울산광역시,볼보자동차코리아,볼보 EX30 Single Motor ER,2470000,740000,490000,150000
울산광역시,볼보자동차코리아,볼보 EX30CC Twin Motor Perf,2220000,660000,440000,130000
울산광역시,비와이디코리아,(단종)BYD ATTO 3,1260000,370000,250000,80000
울산광역시,비와이디코리아,(단종)BYD DOLPHIN,1090000,320000,220000,70000
울산광역시,비와이디코리아,(단종)BYD DOLPHIN Active,1320000,390000,260000,80000
울산광역시,비와이디코리아,(단종)BYD SEAL,1690000,500000,340000,100000
울산광역시,비와이디코리아,(단종)BYD SEAL Dynamic AWD,1510000,450000,300000,90000
울산광역시,비와이디코리아,(단종)BYD SEALION 7,1520000,450000,300000,90000
울산광역시,케이지모빌리티,토레스 EVX 18인치,3540000,1060000,710000,210000
울산광역시,케이지모빌리티,토레스 EVX 18인치(2026),3610000,1080000,720000,220000
울산광역시,케이지모빌리티,토레스 EVX 20인치,3440000,1030000,690000,210000
울산광역시,케이지모빌리티,토레스 EVX 20인치(2026),3540000,1060000,710000,210000
울산광역시,케이지모빌리티,(단종)토레스 EVX 2WD 18인치,3270000,980000,650000,200000
울산광역시,케이지모빌리티,(단종)토레스 EVX 2WD 20인치,3120000,930000,620000,190000
울산광역시,테슬라코리아,Model 3 Performance,2000000,600000,400000,120000
울산광역시,테슬라코리아,Model 3 Premium Long Range RWD,4200000,1260000,840000,250000
울산광역시,테슬라코리아,Model 3 Premium Long Range RWD(5999만원),2100000,630000,420000,130000
울산광역시,테슬라코리아,Model 3 RWD,1680000,500000,340000,100000
울산광역시,테슬라코리아,Model 3 RWD(2025),1680000,500000,340000,100000
울산광역시,테슬라코리아,Model Y L AWD,2150000,640000,430000,130000
울산광역시,테슬라코리아,Model Y Long Range(2025),2100000,630000,420000,130000
울산광역시,테슬라코리아,Model Y Premium Long Range,2100000,630000,420000,130000
울산광역시,테슬라코리아,Model Y Premium RWD,1700000,510000,340000,100000
울산광역시,테슬라코리아,Model Y RWD(2025),1700000,510000,340000,100000
울산광역시,폭스바겐그룹코리아,ID.4 Pro,4320000,1290000,860000,260000
울산광역시,폭스바겐그룹코리아,Q4 45 e-tron,2060000,610000,410000,120000
울산광역시,폭스바겐그룹코리아,Q4 Sportback 45 e-tron,2060000,610000,410000,120000
울산광역시,폭스바겐그룹코리아,(단종)Q6 e-tron performance,2200000,660000,440000,130000
울산광역시,폭스바겐그룹코리아,iD.5 Pro,4730000,1410000,950000,290000
울산광역시,폴스타오토모티브코리아,Polestar 4 Coupe Dual Motor,1680000,500000,340000,100000
울산광역시,폴스타오토모티브코리아,Polestar 4 Coupe Rear Motor,1810000,540000,360000,110000
울산광역시,현대자동차,ELECTRIFIED G80,2700000,1050000,540000,160000
울산광역시,현대자동차,ELECTRIFIED GV70 AWD 19인치,2610000,1010000,520000,160000
울산광역시,현대자동차,ELECTRIFIED GV70 AWD 20인치,2450000,940000,490000,150000
울산광역시,현대자동차,GV60 스탠다드 2WD 19인치,2850000,1100000,570000,170000
울산광역시,현대자동차,GV60 스탠다드 AWD 19인치,2720000,1050000,540000,160000
울산광역시,현대자동차,GV60 스탠다드 AWD 20인치,2610000,1010000,520000,160000
울산광역시,현대자동차,더 뉴 아이오닉5 2WD 롱레인지 19인치,5640000,2190000,1000000,300000
울산광역시,현대자동차,더 뉴 아이오닉5 2WD 롱레인지 19인치 빌트인 캠 미적용,5670000,2210000,1000000,300000
울산광역시,현대자동차,더 뉴 아이오닉5 2WD 롱레인지 20인치,5590000,2170000,1000000,300000
울산광역시,현대자동차,더 뉴 아이오닉5 2WD 롱레인지 N라인 20인치,5410000,2100000,1000000,300000
울산광역시,현대자동차,더 뉴 아이오닉5 2WD 스탠다드 19인치,4830000,1870000,970000,290000
울산광역시,현대자동차,더 뉴 아이오닉5 AWD 롱레인지 19인치,5580000,2170000,1000000,300000
울산광역시,현대자동차,더 뉴 아이오닉5 AWD 롱레인지 20인치,5320000,2060000,1000000,300000
울산광역시,현대자동차,더 뉴 아이오닉5 AWD 롱레인지 N라인 20인치,5100000,1980000,1000000,300000
울산광역시,현대자동차,더 뉴 아이오닉6 2WD 롱레인지 18인치,5700000,1710000,1000000,300000
울산광역시,현대자동차,더 뉴 아이오닉6 2WD 롱레인지 20인치,5700000,1710000,1000000,300000
울산광역시,현대자동차,더 뉴 아이오닉6 2WD 롱레인지 N라인 20인치,5700000,1710000,1000000,300000
울산광역시,현대자동차,더 뉴 아이오닉6 2WD 스탠다드 18인치,5600000,1680000,1000000,300000
울산광역시,현대자동차,더 뉴 아이오닉6 AWD 롱레인지 18인치,5700000,1710000,1000000,300000
울산광역시,현대자동차,더 뉴 아이오닉6 AWD 롱레인지 20인치,5530000,1650000,1000000,300000
울산광역시,현대자동차,더 뉴 아이오닉6 AWD 롱레인지 N라인 20인치,5370000,1610000,1000000,300000
울산광역시,현대자동차,스타리아 라운지 일렉트릭 7인승,2290000,880000,460000,140000
울산광역시,현대자동차,스타리아 리무진 일렉트릭 6인승,2290000,880000,460000,140000
울산광역시,현대자동차,아이오닉6 N,2500000,750000,500000,150000
울산광역시,현대자동차,아이오닉9 성능형 AWD,2720000,810000,540000,160000
울산광역시,현대자동차,아이오닉9 항속형 2WD,2740000,820000,550000,170000
울산광역시,현대자동차,아이오닉9 항속형 AWD,2710000,810000,540000,160000
울산광역시,현대자동차,캐스퍼 일렉트릭 기본형 15인치,4900000,1470000,980000,290000
울산광역시,현대자동차,캐스퍼 일렉트릭 크로스 17인치,4870000,1460000,970000,290000
울산광역시,현대자동차,캐스퍼 일렉트릭 항속형 15인치,4900000,1470000,980000,290000
울산광역시,현대자동차,캐스퍼 일렉트릭 항속형 17인치(라운지포함),4900000,1470000,980000,290000
울산광역시,현대자동차,코나 일렉트릭 2WD 롱레인지 17인치,5140000,2000000,1000000,300000
울산광역시,현대자동차,코나 일렉트릭 2WD 롱레인지 17인치 빌트인 캠 미적용,5140000,2000000,1000000,300000
울산광역시,현대자동차,코나 일렉트릭 2WD 롱레인지 19인치,4590000,1780000,920000,280000
울산광역시,현대자동차,코나 일렉트릭 2WD 스탠다드 17인치,4370000,1700000,870000,260000
세종특별자치시,BMW,MINI Aceman E,4000000,1200000,800000,240000
세종특별자치시,BMW,MINI Aceman SE,4000000,1200000,800000,240000
세종특별자치시,BMW,MINI Cooper SE,3960000,1180000,790000,240000
세종특별자치시,BMW,MINI Countryman E,2170000,650000,430000,130000
세종특별자치시,BMW,MINI Countryman SE ALL4,2030000,600000,410000,120000
세종특별자치시,BMW,MINI JCW Aceman E,1970000,590000,390000,120000
세종특별자치시,BMW,MINI JCW E,1910000,570000,380000,110000
세종특별자치시,BMW,i4 M60 LCI (71HD),2330000,690000,470000,140000
세종특별자치시,BMW,i4 eDrive 40 LCI(21HD),2440000,730000,490000,150000
세종특별자치시,BMW,i4 eDrive 40 LCI(61HD),2560000,760000,510000,150000
세종특별자치시,BMW,i5 eDrive 40,2620000,780000,520000,160000
세종특별자치시,BMW,iX1 eDrive20,2120000,630000,420000,130000
세종특별자치시,BMW,iX1 eDrive20(11HM),2350000,700000,470000,140000
세종특별자치시,BMW,iX1 xDrive30,1920000,570000,380000,110000
세종특별자치시,BMW,iX2 eDrive20,2140000,640000,430000,130000
세종특별자치시,BMW,iX2 eDrive20(71GN),2390000,710000,480000,140000
세종특별자치시,BMW,iX3 50 xDrive,2750000,820000,550000,170000
세종특별자치시,기아,EV3 GT,2480000,740000,500000,150000
세종특별자치시,기아,EV3 롱레인지 2WD 17인치,5550000,1660000,1000000,300000
세종특별자치시,기아,EV3 롱레인지 2WD 19인치,5550000,1660000,1000000,300000
세종특별자치시,기아,EV3 롱레인지 4WD 19인치,5390000,1610000,1000000,300000
세종특별자치시,기아,EV3 스탠다드 2WD,4690000,1400000,940000,280000
세종특별자치시,기아,EV4 GT,2550000,760000,510000,150000
세종특별자치시,기아,EV4 롱레인지 2WD 17인치,5550000,1660000,1000000,300000
세종특별자치시,기아,EV4 롱레인지 2WD 19인치,5550000,1660000,1000000,300000
세종특별자치시,기아,EV4 롱레인지 4WD 19인치,5540000,1660000,1000000,300000
세종특별자치시,기아,EV4 롱레인지 GTL 2WD 19인치,5550000,1660000,1000000,300000
세종특별자치시,기아,EV4 스탠다드 2WD 17인치,5120000,1530000,1000000,300000
세종특별자치시,기아,EV4 스탠다드 2WD 19인치,4810000,1440000,960000,290000
세종특별자치시,기아,EV5 GT,2320000,690000,460000,140000
세종특별자치시,기아,EV5 롱레인지 2WD,5520000,1650000,1000000,300000
세종특별자치시,기아,EV5 롱레인지 4WD 18인치,4990000,1490000,1000000,300000
세종특별자치시,기아,EV5 롱레인지 4WD 19인치,4930000,1470000,990000,300000
세종특별자치시,기아,EV9 GT,2450000,730000,490000,150000
세종특별자치시,기아,EV9 롱레인지 2WD 19인치,2700000,810000,540000,160000
세종특별자치시,기아,EV9 롱레인지 2WD 20인치,2680000,800000,540000,160000
세종특별자치시,기아,EV9 롱레인지 4WD 19인치,2540000,760000,510000,150000
세종특별자치시,기아,EV9 롱레인지 4WD 21인치,2600000,780000,520000,160000
세종특별자치시,기아,EV9 롱레인지 GTL 4WD 21인치,2520000,750000,500000,150000
세종특별자치시,기아,EV9 스탠다드,2370000,710000,470000,140000
세종특별자치시,기아,PV5 패신저 5인승 롱레인지,4580000,1370000,920000,280000
세종특별자치시,기아,Pv5 WAV(비용 미지원),6480000,1940000,1000000,300000
세종특별자치시,기아,Pv5 WAV(비용 지원),4480000,1340000,900000,270000
세종특별자치시,기아,(단종)The all-new Kia Niro EV,4890000,1460000,980000,290000
세종특별자치시,기아,더뉴EV6 롱레인지 2WD 19인치,5700000,1710000,1000000,300000
세종특별자치시,기아,더뉴EV6 롱레인지 2WD 20인치,5590000,1670000,1000000,300000
세종특별자치시,기아,더뉴EV6 롱레인지 4WD 19인치,5610000,1680000,1000000,300000
세종특별자치시,기아,더뉴EV6 롱레인지 4WD 20인치,5320000,1590000,1000000,300000
세종특별자치시,기아,더뉴EV6 스탠다드,5010000,1500000,1000000,300000
세종특별자치시,기아,레이 EV 2WD 14인치 1인승 밴,4570000,1370000,910000,270000
세종특별자치시,기아,레이 EV 2WD 14인치 2인승 밴,4570000,1370000,910000,270000
세종특별자치시,기아,레이 EV 2WD 14인치 4인승 승용,4570000,1370000,910000,270000
세종특별자치시,메르세데스벤츠코리아,EQA 250(Facelift),1900000,570000,380000,110000
세종특별자치시,메르세데스벤츠코리아,EQB 300 4MATIC(Facelift),1540000,460000,310000,90000
세종특별자치시,메르세데스벤츠코리아,EQB 300 4MATIC(Facelift)(CY25/2),1620000,480000,320000,100000
세종특별자치시,볼보자동차코리아,볼보 EX30 Single Motor ER,2470000,740000,490000,150000
세종특별자치시,볼보자동차코리아,볼보 EX30CC Twin Motor Perf,2220000,660000,440000,130000
세종특별자치시,비와이디코리아,(단종)BYD ATTO 3,1260000,370000,250000,80000
세종특별자치시,비와이디코리아,(단종)BYD DOLPHIN,1090000,320000,220000,70000
세종특별자치시,비와이디코리아,(단종)BYD DOLPHIN Active,1320000,390000,260000,80000
세종특별자치시,비와이디코리아,(단종)BYD SEAL,1690000,500000,340000,100000
세종특별자치시,비와이디코리아,(단종)BYD SEAL Dynamic AWD,1510000,450000,300000,90000
세종특별자치시,비와이디코리아,(단종)BYD SEALION 7,1520000,450000,300000,90000
세종특별자치시,케이지모빌리티,토레스 EVX 18인치,3540000,1060000,710000,210000
세종특별자치시,케이지모빌리티,토레스 EVX 18인치(2026),3610000,1080000,720000,220000
세종특별자치시,케이지모빌리티,토레스 EVX 20인치,3440000,1030000,690000,210000
세종특별자치시,케이지모빌리티,토레스 EVX 20인치(2026),3540000,1060000,710000,210000
세종특별자치시,케이지모빌리티,(단종)토레스 EVX 2WD 18인치,3270000,980000,650000,200000
세종특별자치시,케이지모빌리티,(단종)토레스 EVX 2WD 20인치,3120000,930000,620000,190000
세종특별자치시,테슬라코리아,Model 3 Performance,2000000,600000,400000,120000
세종특별자치시,테슬라코리아,Model 3 Premium Long Range RWD,4200000,1260000,840000,250000
세종특별자치시,테슬라코리아,Model 3 Premium Long Range RWD(5999만원),2100000,630000,420000,130000
세종특별자치시,테슬라코리아,Model 3 RWD,1680000,500000,340000,100000
세종특별자치시,테슬라코리아,Model 3 RWD(2025),1680000,500000,340000,100000
세종특별자치시,테슬라코리아,Model Y L AWD,2150000,640000,430000,130000
세종특별자치시,테슬라코리아,Model Y Long Range(2025),2100000,630000,420000,130000
세종특별자치시,테슬라코리아,Model Y Premium Long Range,2100000,630000,420000,130000
세종특별자치시,테슬라코리아,Model Y Premium RWD,1700000,510000,340000,100000
세종특별자치시,테슬라코리아,Model Y RWD(2025),1700000,510000,340000,100000
세종특별자치시,폭스바겐그룹코리아,ID.4 Pro,4320000,1290000,860000,260000
세종특별자치시,폭스바겐그룹코리아,Q4 45 e-tron,2060000,610000,410000,120000
세종특별자치시,폭스바겐그룹코리아,Q4 Sportback 45 e-tron,2060000,610000,410000,120000
세종특별자치시,폭스바겐그룹코리아,(단종)Q6 e-tron performance,2200000,660000,440000,130000
세종특별자치시,폭스바겐그룹코리아,iD.5 Pro,4730000,1410000,950000,290000
세종특별자치시,폴스타오토모티브코리아,Polestar 4 Coupe Dual Motor,1680000,500000,340000,100000
세종특별자치시,폴스타오토모티브코리아,Polestar 4 Coupe Rear Motor,1810000,540000,360000,110000
세종특별자치시,현대자동차,ELECTRIFIED G80,2700000,810000,540000,160000
세종특별자치시,현대자동차,ELECTRIFIED GV70 AWD 19인치,2610000,780000,520000,160000
세종특별자치시,현대자동차,ELECTRIFIED GV70 AWD 20인치,2450000,730000,490000,150000
세종특별자치시,현대자동차,GV60 스탠다드 2WD 19인치,2850000,850000,570000,170000
세종특별자치시,현대자동차,GV60 스탠다드 AWD 19인치,2720000,810000,540000,160000
세종특별자치시,현대자동차,GV60 스탠다드 AWD 20인치,2610000,780000,520000,160000
세종특별자치시,현대자동차,더 뉴 아이오닉5 2WD 롱레인지 19인치,5640000,1690000,1000000,300000
세종특별자치시,현대자동차,더 뉴 아이오닉5 2WD 롱레인지 19인치 빌트인 캠 미적용,5670000,1700000,1000000,300000
세종특별자치시,현대자동차,더 뉴 아이오닉5 2WD 롱레인지 20인치,5590000,1670000,1000000,300000
세종특별자치시,현대자동차,더 뉴 아이오닉5 2WD 롱레인지 N라인 20인치,5410000,1620000,1000000,300000
세종특별자치시,현대자동차,더 뉴 아이오닉5 2WD 스탠다드 19인치,4830000,1440000,970000,290000
세종특별자치시,현대자동차,더 뉴 아이오닉5 AWD 롱레인지 19인치,5580000,1670000,1000000,300000
세종특별자치시,현대자동차,더 뉴 아이오닉5 AWD 롱레인지 20인치,5320000,1590000,1000000,300000
세종특별자치시,현대자동차,더 뉴 아이오닉5 AWD 롱레인지 N라인 20인치,5100000,1530000,1000000,300000
세종특별자치시,현대자동차,더 뉴 아이오닉6 2WD 롱레인지 18인치,5700000,1710000,1000000,300000
세종특별자치시,현대자동차,더 뉴 아이오닉6 2WD 롱레인지 20인치,5700000,1710000,1000000,300000
세종특별자치시,현대자동차,더 뉴 아이오닉6 2WD 롱레인지 N라인 20인치,5700000,1710000,1000000,300000
세종특별자치시,현대자동차,더 뉴 아이오닉6 2WD 스탠다드 18인치,5600000,1680000,1000000,300000
세종특별자치시,현대자동차,더 뉴 아이오닉6 AWD 롱레인지 18인치,5700000,1710000,1000000,300000
세종특별자치시,현대자동차,더 뉴 아이오닉6 AWD 롱레인지 20인치,5530000,1650000,1000000,300000
세종특별자치시,현대자동차,더 뉴 아이오닉6 AWD 롱레인지 N라인 20인치,5370000,1610000,1000000,300000
세종특별자치시,현대자동차,스타리아 라운지 일렉트릭 7인승,2290000,680000,460000,140000
세종특별자치시,현대자동차,스타리아 리무진 일렉트릭 6인승,2290000,680000,460000,140000
세종특별자치시,현대자동차,아이오닉6 N,2500000,750000,500000,150000
세종특별자치시,현대자동차,아이오닉9 성능형 AWD,2720000,810000,540000,160000
세종특별자치시,현대자동차,아이오닉9 항속형 2WD,2740000,820000,550000,170000
세종특별자치시,현대자동차,아이오닉9 항속형 AWD,2710000,810000,540000,160000
세종특별자치시,현대자동차,캐스퍼 일렉트릭 기본형 15인치,4900000,1470000,980000,290000
세종특별자치시,현대자동차,캐스퍼 일렉트릭 크로스 17인치,4870000,1460000,970000,290000
세종특별자치시,현대자동차,캐스퍼 일렉트릭 항속형 15인치,4900000,1470000,980000,290000
세종특별자치시,현대자동차,캐스퍼 일렉트릭 항속형 17인치(라운지포함),4900000,1470000,980000,290000
세종특별자치시,현대자동차,코나 일렉트릭 2WD 롱레인지 17인치,5140000,1540000,1000000,300000
세종특별자치시,현대자동차,코나 일렉트릭 2WD 롱레인지 17인치 빌트인 캠 미적용,5140000,1540000,1000000,300000
세종특별자치시,현대자동차,코나 일렉트릭 2WD 롱레인지 19인치,4590000,1370000,920000,280000
세종특별자치시,현대자동차,코나 일렉트릭 2WD 스탠다드 17인치,4370000,1310000,870000,260000
수원시,BMW,MINI Aceman E,4000000,1660000,800000,240000
수원시,BMW,MINI Aceman SE,4000000,1660000,800000,240000
수원시,BMW,MINI Cooper SE,3960000,1650000,790000,240000
수원시,BMW,MINI Countryman E,2170000,900000,430000,130000
수원시,BMW,MINI Countryman SE ALL4,2030000,840000,410000,120000
수원시,BMW,MINI JCW Aceman E,1970000,820000,390000,120000
수원시,BMW,MINI JCW E,1910000,790000,380000,110000
수원시,BMW,i4 M60 LCI (71HD),2330000,970000,470000,140000
수원시,BMW,i4 eDrive 40 LCI(21HD),2440000,1010000,490000,150000
수원시,BMW,i4 eDrive 40 LCI(61HD),2560000,1060000,510000,150000
수원시,BMW,i5 eDrive 40,2620000,1090000,520000,160000
수원시,BMW,iX1 eDrive20,2120000,880000,420000,130000
수원시,BMW,iX1 eDrive20(11HM),2350000,970000,470000,140000
수원시,BMW,iX1 xDrive30,1920000,800000,380000,110000
수원시,BMW,iX2 eDrive20,2140000,890000,430000,130000
수원시,BMW,iX2 eDrive20(71GN),2390000,990000,480000,140000
수원시,BMW,iX3 50 xDrive,2750000,1140000,550000,170000
수원시,기아,EV3 GT,2480000,1030000,500000,150000
수원시,기아,EV3 롱레인지 2WD 17인치,5550000,2310000,1000000,300000
수원시,기아,EV3 롱레인지 2WD 19인치,5550000,2310000,1000000,300000
수원시,기아,EV3 롱레인지 4WD 19인치,5390000,2240000,1000000,300000
수원시,기아,EV3 스탠다드 2WD,4690000,1950000,940000,280000
수원시,기아,EV4 GT,2550000,1060000,510000,150000
수원시,기아,EV4 롱레인지 2WD 17인치,5550000,2310000,1000000,300000
수원시,기아,EV4 롱레인지 2WD 19인치,5550000,2310000,1000000,300000
수원시,기아,EV4 롱레인지 4WD 19인치,5540000,2300000,1000000,300000
수원시,기아,EV4 롱레인지 GTL 2WD 19인치,5550000,2310000,1000000,300000
수원시,기아,EV4 스탠다드 2WD 17인치,5120000,2130000,1000000,300000
수원시,기아,EV4 스탠다드 2WD 19인치,4810000,2000000,960000,290000
수원시,기아,EV5 GT,2320000,960000,460000,140000
수원시,기아,EV5 롱레인지 2WD,5520000,2300000,1000000,300000
수원시,기아,EV5 롱레인지 4WD 18인치,4990000,2070000,1000000,300000
수원시,기아,EV5 롱레인지 4WD 19인치,4930000,2050000,990000,300000
수원시,기아,EV9 GT,2450000,1020000,490000,150000
수원시,기아,EV9 롱레인지 2WD 19인치,2700000,1120000,540000,160000
수원시,기아,EV9 롱레인지 2WD 20인치,2680000,1110000,540000,160000
수원시,기아,EV9 롱레인지 4WD 19인치,2540000,1050000,510000,150000
수원시,기아,EV9 롱레인지 4WD 21인치,2600000,1080000,520000,160000
수원시,기아,EV9 롱레인지 GTL 4WD 21인치,2520000,1050000,500000,150000
수원시,기아,EV9 스탠다드,2370000,980000,470000,140000
수원시,기아,PV5 패신저 5인승 롱레인지,4580000,1900000,920000,280000
수원시,기아,Pv5 WAV(비용 미지원),6480000,2700000,1000000,300000
수원시,기아,Pv5 WAV(비용 지원),4480000,1860000,900000,270000
수원시,기아,(단종)The all-new Kia Niro EV,4890000,2030000,980000,290000
수원시,기아,더뉴EV6 롱레인지 2WD 19인치,5700000,2370000,1000000,300000
수원시,기아,더뉴EV6 롱레인지 2WD 20인치,5590000,2320000,1000000,300000
수원시,기아,더뉴EV6 롱레인지 4WD 19인치,5610000,2330000,1000000,300000
수원시,기아,더뉴EV6 롱레인지 4WD 20인치,5320000,2210000,1000000,300000
수원시,기아,더뉴EV6 스탠다드,5010000,2080000,1000000,300000
수원시,기아,레이 EV 2WD 14인치 1인승 밴,4570000,1900000,910000,270000
수원시,기아,레이 EV 2WD 14인치 2인승 밴,4570000,1900000,910000,270000
수원시,기아,레이 EV 2WD 14인치 4인승 승용,4570000,1900000,910000,270000
수원시,메르세데스벤츠코리아,EQA 250(Facelift),1900000,790000,380000,110000
수원시,메르세데스벤츠코리아,EQB 300 4MATIC(Facelift),1540000,640000,310000,90000
수원시,메르세데스벤츠코리아,EQB 300 4MATIC(Facelift)(CY25/2),1620000,670000,320000,100000
수원시,볼보자동차코리아,볼보 EX30 Single Motor ER,2470000,1020000,490000,150000
수원시,볼보자동차코리아,볼보 EX30CC Twin Motor Perf,2220000,920000,440000,130000
수원시,비와이디코리아,(단종)BYD ATTO 3,1260000,520000,250000,80000
수원시,비와이디코리아,(단종)BYD DOLPHIN,1090000,450000,220000,70000
수원시,비와이디코리아,(단종)BYD DOLPHIN Active,1320000,550000,260000,80000
수원시,비와이디코리아,(단종)BYD SEAL,1690000,700000,340000,100000
수원시,비와이디코리아,(단종)BYD SEAL Dynamic AWD,1510000,620000,300000,90000
수원시,비와이디코리아,(단종)BYD SEALION 7,1520000,630000,300000,90000
수원시,케이지모빌리티,토레스 EVX 18인치,3540000,1470000,710000,210000
수원시,케이지모빌리티,토레스 EVX 18인치(2026),3610000,1500000,720000,220000
수원시,케이지모빌리티,토레스 EVX 20인치,3440000,1430000,690000,210000
수원시,케이지모빌리티,토레스 EVX 20인치(2026),3540000,1470000,710000,210000
수원시,케이지모빌리티,(단종)토레스 EVX 2WD 18인치,3270000,1360000,650000,200000
수원시,케이지모빌리티,(단종)토레스 EVX 2WD 20인치,3120000,1300000,620000,190000
수원시,테슬라코리아,Model 3 Performance,2000000,830000,400000,120000
수원시,테슬라코리아,Model 3 Premium Long Range RWD,4200000,1750000,840000,250000
수원시,테슬라코리아,Model 3 Premium Long Range RWD(5999만원),2100000,870000,420000,130000
수원시,테슬라코리아,Model 3 RWD,1680000,700000,340000,100000
수원시,테슬라코리아,Model 3 RWD(2025),1680000,700000,340000,100000
수원시,테슬라코리아,Model Y L AWD,2150000,890000,430000,130000
수원시,테슬라코리아,Model Y Long Range(2025),2100000,870000,420000,130000
수원시,테슬라코리아,Model Y Premium Long Range,2100000,870000,420000,130000
수원시,테슬라코리아,Model Y Premium RWD,1700000,700000,340000,100000
수원시,테슬라코리아,Model Y RWD(2025),1700000,700000,340000,100000
수원시,폭스바겐그룹코리아,ID.4 Pro,4320000,1800000,860000,260000
수원시,폭스바겐그룹코리아,Q4 45 e-tron,2060000,850000,410000,120000
수원시,폭스바겐그룹코리아,Q4 Sportback 45 e-tron,2060000,850000,410000,120000
수원시,폭스바겐그룹코리아,(단종)Q6 e-tron performance,2200000,910000,440000,130000
수원시,폭스바겐그룹코리아,iD.5 Pro,4730000,1970000,950000,290000
수원시,폴스타오토모티브코리아,Polestar 4 Coupe Dual Motor,1680000,700000,340000,100000
수원시,폴스타오토모티브코리아,Polestar 4 Coupe Rear Motor,1810000,750000,360000,110000
수원시,현대자동차,ELECTRIFIED G80,2700000,1120000,540000,160000
수원시,현대자동차,ELECTRIFIED GV70 AWD 19인치,2610000,1080000,520000,160000
수원시,현대자동차,ELECTRIFIED GV70 AWD 20인치,2450000,1020000,490000,150000
수원시,현대자동차,GV60 스탠다드 2WD 19인치,2850000,1180000,570000,170000
수원시,현대자동차,GV60 스탠다드 AWD 19인치,2720000,1130000,540000,160000
수원시,현대자동차,GV60 스탠다드 AWD 20인치,2610000,1080000,520000,160000
수원시,현대자동차,더 뉴 아이오닉5 2WD 롱레인지 19인치,5640000,2350000,1000000,300000
수원시,현대자동차,더 뉴 아이오닉5 2WD 롱레인지 19인치 빌트인 캠 미적용,5670000,2360000,1000000,300000
수원시,현대자동차,더 뉴 아이오닉5 2WD 롱레인지 20인치,5590000,2320000,1000000,300000
수원시,현대자동차,더 뉴 아이오닉5 2WD 롱레인지 N라인 20인치,5410000,2250000,1000000,300000
수원시,현대자동차,더 뉴 아이오닉5 2WD 스탠다드 19인치,4830000,2010000,970000,290000
수원시,현대자동차,더 뉴 아이오닉5 AWD 롱레인지 19인치,5580000,2320000,1000000,300000
수원시,현대자동차,더 뉴 아이오닉5 AWD 롱레인지 20인치,5320000,2210000,1000000,300000
수원시,현대자동차,더 뉴 아이오닉5 AWD 롱레인지 N라인 20인치,5100000,2120000,1000000,300000
수원시,현대자동차,더 뉴 아이오닉6 2WD 롱레인지 18인치,5700000,2370000,1000000,300000
수원시,현대자동차,더 뉴 아이오닉6 2WD 롱레인지 20인치,5700000,2370000,1000000,300000
수원시,현대자동차,더 뉴 아이오닉6 2WD 롱레인지 N라인 20인치,5700000,2370000,1000000,300000
수원시,현대자동차,더 뉴 아이오닉6 2WD 스탠다드 18인치,5600000,2330000,1000000,300000
수원시,현대자동차,더 뉴 아이오닉6 AWD 롱레인지 18인치,5700000,2370000,1000000,300000
수원시,현대자동차,더 뉴 아이오닉6 AWD 롱레인지 20인치,5530000,2300000,1000000,300000
수원시,현대자동차,더 뉴 아이오닉6 AWD 롱레인지 N라인 20인치,5370000,2230000,1000000,300000
수원시,현대자동차,스타리아 라운지 일렉트릭 7인승,2290000,950000,460000,140000
수원시,현대자동차,스타리아 리무진 일렉트릭 6인승,2290000,950000,460000,140000
수원시,현대자동차,아이오닉6 N,2500000,1040000,500000,150000
수원시,현대자동차,아이오닉9 성능형 AWD,2720000,1130000,540000,160000
수원시,현대자동차,아이오닉9 항속형 2WD,2740000,1140000,550000,170000
수원시,현대자동차,아이오닉9 항속형 AWD,2710000,1120000,540000,160000
수원시,현대자동차,캐스퍼 일렉트릭 기본형 15인치,4900000,2040000,980000,290000
수원시,현대자동차,캐스퍼 일렉트릭 크로스 17인치,4870000,2020000,970000,290000
수원시,현대자동차,캐스퍼 일렉트릭 항속형 15인치,4900000,2040000,980000,290000
수원시,현대자동차,캐스퍼 일렉트릭 항속형 17인치(라운지포함),4900000,2040000,980000,290000
수원시,현대자동차,코나 일렉트릭 2WD 롱레인지 17인치,5140000,2140000,1000000,300000
수원시,현대자동차,코나 일렉트릭 2WD 롱레인지 17인치 빌트인 캠 미적용,5140000,2140000,1000000,300000
수원시,현대자동차,코나 일렉트릭 2WD 롱레인지 19인치,4590000,1910000,920000,280000
수원시,현대자동차,코나 일렉트릭 2WD 스탠다드 17인치,4370000,1820000,870000,260000
성남시,BMW,MINI Aceman E,4000000,1800000,800000,240000
성남시,BMW,MINI Aceman SE,4000000,1800000,800000,240000
성남시,BMW,MINI Cooper SE,3960000,1780000,790000,240000
성남시,BMW,MINI Countryman E,2170000,970000,430000,130000
성남시,BMW,MINI Countryman SE ALL4,2030000,910000,410000,120000
성남시,BMW,MINI JCW Aceman E,1970000,880000,390000,120000
성남시,BMW,MINI JCW E,1910000,850000,380000,110000
성남시,BMW,i4 M60 LCI (71HD),2330000,1040000,470000,140000
성남시,BMW,i4 eDrive 40 LCI(21HD),2440000,1090000,490000,150000
성남시,BMW,i4 eDrive 40 LCI(61HD),2560000,1150000,510000,150000
성남시,BMW,i5 eDrive 40,2620000,1170000,520000,160000
성남시,BMW,iX1 eDrive20,2120000,950000,420000,130000
성남시,BMW,iX1 eDrive20(11HM),2350000,1050000,470000,140000
성남시,BMW,iX1 xDrive30,1920000,860000,380000,110000
성남시,BMW,iX2 eDrive20,2140000,960000,430000,130000
성남시,BMW,iX2 eDrive20(71GN),2390000,1070000,480000,140000
성남시,BMW,iX3 50 xDrive,2750000,1230000,550000,170000
성남시,기아,EV3 GT,2480000,1110000,500000,150000
성남시,기아,EV3 롱레인지 2WD 17인치,5550000,2490000,1000000,300000
성남시,기아,EV3 롱레인지 2WD 19인치,5550000,2490000,1000000,300000
성남시,기아,EV3 롱레인지 4WD 19인치,5390000,2420000,1000000,300000
성남시,기아,EV3 스탠다드 2WD,4690000,2110000,940000,280000
성남시,기아,EV4 GT,2550000,1140000,510000,150000
성남시,기아,EV4 롱레인지 2WD 17인치,5550000,2490000,1000000,300000
성남시,기아,EV4 롱레인지 2WD 19인치,5550000,2490000,1000000,300000
성남시,기아,EV4 롱레인지 4WD 19인치,5540000,2490000,1000000,300000
성남시,기아,EV4 롱레인지 GTL 2WD 19인치,5550000,2490000,1000000,300000
성남시,기아,EV4 스탠다드 2WD 17인치,5120000,2300000,1000000,300000
성남시,기아,EV4 스탠다드 2WD 19인치,4810000,2160000,960000,290000
성남시,기아,EV5 GT,2320000,1040000,460000,140000
성남시,기아,EV5 롱레인지 2WD,5520000,2480000,1000000,300000
성남시,기아,EV5 롱레인지 4WD 18인치,4990000,2240000,1000000,300000
성남시,기아,EV5 롱레인지 4WD 19인치,4930000,2210000,990000,300000
성남시,기아,EV9 GT,2450000,1100000,490000,150000
성남시,기아,EV9 롱레인지 2WD 19인치,2700000,1210000,540000,160000
성남시,기아,EV9 롱레인지 2WD 20인치,2680000,1200000,540000,160000
성남시,기아,EV9 롱레인지 4WD 19인치,2540000,1140000,510000,150000
성남시,기아,EV9 롱레인지 4WD 21인치,2600000,1170000,520000,160000
성남시,기아,EV9 롱레인지 GTL 4WD 21인치,2520000,1130000,500000,150000
성남시,기아,EV9 스탠다드,2370000,1060000,470000,140000
성남시,기아,PV5 패신저 5인승 롱레인지,4580000,2060000,920000,280000
성남시,기아,Pv5 WAV(비용 미지원),6480000,2910000,1000000,300000
성남시,기아,Pv5 WAV(비용 지원),4480000,2010000,900000,270000
성남시,기아,(단종)The all-new Kia Niro EV,4890000,2200000,980000,290000
성남시,기아,더뉴EV6 롱레인지 2WD 19인치,5700000,2560000,1000000,300000
성남시,기아,더뉴EV6 롱레인지 2WD 20인치,5590000,2510000,1000000,300000
성남시,기아,더뉴EV6 롱레인지 4WD 19인치,5610000,2520000,1000000,300000
성남시,기아,더뉴EV6 롱레인지 4WD 20인치,5320000,2390000,1000000,300000
성남시,기아,더뉴EV6 스탠다드,5010000,2250000,1000000,300000
성남시,기아,레이 EV 2WD 14인치 1인승 밴,4570000,2050000,910000,270000
성남시,기아,레이 EV 2WD 14인치 2인승 밴,4570000,2050000,910000,270000
성남시,기아,레이 EV 2WD 14인치 4인승 승용,4570000,2050000,910000,270000
성남시,메르세데스벤츠코리아,EQA 250(Facelift),1900000,850000,380000,110000
성남시,메르세데스벤츠코리아,EQB 300 4MATIC(Facelift),1540000,690000,310000,90000
성남시,메르세데스벤츠코리아,EQB 300 4MATIC(Facelift)(CY25/2),1620000,720000,320000,100000
성남시,볼보자동차코리아,볼보 EX30 Single Motor ER,2470000,1110000,490000,150000
성남시,볼보자동차코리아,볼보 EX30CC Twin Motor Perf,2220000,990000,440000,130000
성남시,비와이디코리아,(단종)BYD ATTO 3,1260000,560000,250000,80000
성남시,비와이디코리아,(단종)BYD DOLPHIN,1090000,490000,220000,70000
성남시,비와이디코리아,(단종)BYD DOLPHIN Active,1320000,590000,260000,80000
성남시,비와이디코리아,(단종)BYD SEAL,1690000,760000,340000,100000
성남시,비와이디코리아,(단종)BYD SEAL Dynamic AWD,1510000,670000,300000,90000
성남시,비와이디코리아,(단종)BYD SEALION 7,1520000,680000,300000,90000
성남시,케이지모빌리티,토레스 EVX 18인치,3540000,1590000,710000,210000
성남시,케이지모빌리티,토레스 EVX 18인치(2026),3610000,1620000,720000,220000
성남시,케이지모빌리티,토레스 EVX 20인치,3440000,1540000,690000,210000
성남시,케이지모빌리티,토레스 EVX 20인치(2026),3540000,1590000,710000,210000
성남시,케이지모빌리티,(단종)토레스 EVX 2WD 18인치,3270000,1470000,650000,200000
성남시,케이지모빌리티,(단종)토레스 EVX 2WD 20인치,3120000,1400000,620000,190000
성남시,테슬라코리아,Model 3 Performance,2000000,900000,400000,120000
성남시,테슬라코리아,Model 3 Premium Long Range RWD,4200000,1890000,840000,250000
성남시,테슬라코리아,Model 3 Premium Long Range RWD(5999만원),2100000,940000,420000,130000
성남시,테슬라코리아,Model 3 RWD,1680000,750000,340000,100000
성남시,테슬라코리아,Model 3 RWD(2025),1680000,750000,340000,100000
성남시,테슬라코리아,Model Y L AWD,2150000,960000,430000,130000
성남시,테슬라코리아,Model Y Long Range(2025),2100000,940000,420000,130000
성남시,테슬라코리아,Model Y Premium Long Range,2100000,940000,420000,130000
성남시,테슬라코리아,Model Y Premium RWD,1700000,760000,340000,100000
성남시,테슬라코리아,Model Y RWD(2025),1700000,760000,340000,100000
성남시,폭스바겐그룹코리아,ID.4 Pro,4320000,1940000,860000,260000
성남시,폭스바겐그룹코리아,Q4 45 e-tron,2060000,920000,410000,120000
성남시,폭스바겐그룹코리아,Q4 Sportback 45 e-tron,2060000,920000,410000,120000
성남시,폭스바겐그룹코리아,(단종)Q6 e-tron performance,2200000,990000,440000,130000
성남시,폭스바겐그룹코리아,iD.5 Pro,4730000,2120000,950000,290000
성남시,폴스타오토모티브코리아,Polestar 4 Coupe Dual Motor,1680000,750000,340000,100000
성남시,폴스타오토모티브코리아,Polestar 4 Coupe Rear Motor,1810000,810000,360000,110000
성남시,현대자동차,ELECTRIFIED G80,2700000,1210000,540000,160000
성남시,현대자동차,ELECTRIFIED GV70 AWD 19인치,2610000,1170000,520000,160000
성남시,현대자동차,ELECTRIFIED GV70 AWD 20인치,2450000,1100000,490000,150000
성남시,현대자동차,GV60 스탠다드 2WD 19인치,2850000,1280000,570000,170000
성남시,현대자동차,GV60 스탠다드 AWD 19인치,2720000,1220000,540000,160000
성남시,현대자동차,GV60 스탠다드 AWD 20인치,2610000,1170000,520000,160000
성남시,현대자동차,더 뉴 아이오닉5 2WD 롱레인지 19인치,5640000,2530000,1000000,300000
성남시,현대자동차,더 뉴 아이오닉5 2WD 롱레인지 19인치 빌트인 캠 미적용,5670000,2550000,1000000,300000
성남시,현대자동차,더 뉴 아이오닉5 2WD 롱레인지 20인치,5590000,2510000,1000000,300000
성남시,현대자동차,더 뉴 아이오닉5 2WD 롱레인지 N라인 20인치,5410000,2430000,1000000,300000
성남시,현대자동차,더 뉴 아이오닉5 2WD 스탠다드 19인치,4830000,2170000,970000,290000
성남시,현대자동차,더 뉴 아이오닉5 AWD 롱레인지 19인치,5580000,2510000,1000000,300000
성남시,현대자동차,더 뉴 아이오닉5 AWD 롱레인지 20인치,5320000,2390000,1000000,300000
성남시,현대자동차,더 뉴 아이오닉5 AWD 롱레인지 N라인 20인치,5100000,2290000,1000000,300000
성남시,현대자동차,더 뉴 아이오닉6 2WD 롱레인지 18인치,5700000,2560000,1000000,300000
성남시,현대자동차,더 뉴 아이오닉6 2WD 롱레인지 20인치,5700000,2560000,1000000,300000
성남시,현대자동차,더 뉴 아이오닉6 2WD 롱레인지 N라인 20인치,5700000,2560000,1000000,300000
성남시,현대자동차,더 뉴 아이오닉6 2WD 스탠다드 18인치,5600000,2520000,1000000,300000
성남시,현대자동차,더 뉴 아이오닉6 AWD 롱레인지 18인치,5700000,2560000,1000000,300000
성남시,현대자동차,더 뉴 아이오닉6 AWD 롱레인지 20인치,5530000,2480000,1000000,300000
성남시,현대자동차,더 뉴 아이오닉6 AWD 롱레인지 N라인 20인치,5370000,2410000,1000000,300000
성남시,현대자동차,스타리아 라운지 일렉트릭 7인승,2290000,1030000,460000,140000
성남시,현대자동차,스타리아 리무진 일렉트릭 6인승,2290000,1030000,460000,140000
성남시,현대자동차,아이오닉6 N,2500000,1120000,500000,150000
성남시,현대자동차,아이오닉9 성능형 AWD,2720000,1220000,540000,160000
성남시,현대자동차,아이오닉9 항속형 2WD,2740000,1230000,550000,170000
성남시,현대자동차,아이오닉9 항속형 AWD,2710000,1210000,540000,160000
성남시,현대자동차,캐스퍼 일렉트릭 기본형 15인치,4900000,2200000,980000,290000
성남시,현대자동차,캐스퍼 일렉트릭 크로스 17인치,4870000,2190000,970000,290000
성남시,현대자동차,캐스퍼 일렉트릭 항속형 15인치,4900000,2200000,980000,290000
성남시,현대자동차,캐스퍼 일렉트릭 항속형 17인치(라운지포함),4900000,2200000,980000,290000
성남시,현대자동차,코나 일렉트릭 2WD 롱레인지 17인치,5140000,2310000,1000000,300000
성남시,현대자동차,코나 일렉트릭 2WD 롱레인지 17인치 빌트인 캠 미적용,5140000,2310000,1000000,300000
성남시,현대자동차,코나 일렉트릭 2WD 롱레인지 19인치,4590000,2060000,920000,280000
성남시,현대자동차,코나 일렉트릭 2WD 스탠다드 17인치,4370000,1960000,870000,260000
의정부시,BMW,MINI Aceman E,4000000,1460000,800000,240000
의정부시,BMW,MINI Aceman SE,4000000,1460000,800000,240000
의정부시,BMW,MINI Cooper SE,3960000,1450000,790000,240000
의정부시,BMW,MINI Countryman E,2170000,790000,430000,130000
의정부시,BMW,MINI Countryman SE ALL4,2030000,740000,410000,120000
의정부시,BMW,MINI JCW Aceman E,1970000,720000,390000,120000
의정부시,BMW,MINI JCW E,1910000,700000,380000,110000
의정부시,BMW,i4 M60 LCI (71HD),2330000,850000,470000,140000
의정부시,BMW,i4 eDrive 40 LCI(21HD),2440000,890000,490000,150000
의정부시,BMW,i4 eDrive 40 LCI(61HD),2560000,930000,510000,150000
의정부시,BMW,i5 eDrive 40,2620000,960000,520000,160000
의정부시,BMW,iX1 eDrive20,2120000,770000,420000,130000
의정부시,BMW,iX1 eDrive20(11HM),2350000,860000,470000,140000
의정부시,BMW,iX1 xDrive30,1920000,700000,380000,110000
의정부시,BMW,iX2 eDrive20,2140000,780000,430000,130000
의정부시,BMW,iX2 eDrive20(71GN),2390000,870000,480000,140000
의정부시,BMW,iX3 50 xDrive,2750000,1000000,550000,170000
의정부시,기아,EV3 GT,2480000,900000,500000,150000
의정부시,기아,EV3 롱레인지 2WD 17인치,5550000,2030000,1000000,300000
의정부시,기아,EV3 롱레인지 2WD 19인치,5550000,2030000,1000000,300000
의정부시,기아,EV3 롱레인지 4WD 19인치,5390000,1970000,1000000,300000
의정부시,기아,EV3 스탠다드 2WD,4690000,1710000,940000,280000
의정부시,기아,EV4 GT,2550000,930000,510000,150000
의정부시,기아,EV4 롱레인지 2WD 17인치,5550000,2030000,1000000,300000
의정부시,기아,EV4 롱레인지 2WD 19인치,5550000,2030000,1000000,300000
의정부시,기아,EV4 롱레인지 4WD 19인치,5540000,2030000,1000000,300000
의정부시,기아,EV4 롱레인지 GTL 2WD 19인치,5550000,2030000,1000000,300000
의정부시,기아,EV4 스탠다드 2WD 17인치,5120000,1870000,1000000,300000
의정부시,기아,EV4 스탠다드 2WD 19인치,4810000,1760000,960000,290000
의정부시,기아,EV5 GT,2320000,850000,460000,140000
의정부시,기아,EV5 롱레인지 2WD,5520000,2020000,1000000,300000
의정부시,기아,EV5 롱레인지 4WD 18인치,4990000,1820000,1000000,300000
의정부시,기아,EV5 롱레인지 4WD 19인치,4930000,1800000,990000,300000
의정부시,기아,EV9 GT,2450000,890000,490000,150000
의정부시,기아,EV9 롱레인지 2WD 19인치,2700000,990000,540000,160000
의정부시,기아,EV9 롱레인지 2WD 20인치,2680000,980000,540000,160000
의정부시,기아,EV9 롱레인지 4WD 19인치,2540000,930000,510000,150000
의정부시,기아,EV9 롱레인지 4WD 21인치,2600000,950000,520000,160000
의정부시,기아,EV9 롱레인지 GTL 4WD 21인치,2520000,920000,500000,150000
의정부시,기아,EV9 스탠다드,2370000,860000,470000,140000
의정부시,기아,PV5 패신저 5인승 롱레인지,4580000,1670000,920000,280000
의정부시,기아,Pv5 WAV(비용 미지원),6480000,2370000,1000000,300000
의정부시,기아,Pv5 WAV(비용 지원),4480000,1640000,900000,270000
의정부시,기아,(단종)The all-new Kia Niro EV,4890000,1790000,980000,290000
의정부시,기아,더뉴EV6 롱레인지 2WD 19인치,5700000,2090000,1000000,300000
의정부시,기아,더뉴EV6 롱레인지 2WD 20인치,5590000,2040000,1000000,300000
의정부시,기아,더뉴EV6 롱레인지 4WD 19인치,5610000,2050000,1000000,300000
의정부시,기아,더뉴EV6 롱레인지 4WD 20인치,5320000,1950000,1000000,300000
의정부시,기아,더뉴EV6 스탠다드,5010000,1830000,1000000,300000
의정부시,기아,레이 EV 2WD 14인치 1인승 밴,4570000,1670000,910000,270000
의정부시,기아,레이 EV 2WD 14인치 2인승 밴,4570000,1670000,910000,270000
의정부시,기아,레이 EV 2WD 14인치 4인승 승용,4570000,1670000,910000,270000
의정부시,메르세데스벤츠코리아,EQA 250(Facelift),1900000,690000,380000,110000
의정부시,메르세데스벤츠코리아,EQB 300 4MATIC(Facelift),1540000,560000,310000,90000
의정부시,메르세데스벤츠코리아,EQB 300 4MATIC(Facelift)(CY25/2),1620000,590000,320000,100000
의정부시,볼보자동차코리아,볼보 EX30 Single Motor ER,2470000,900000,490000,150000
의정부시,볼보자동차코리아,볼보 EX30CC Twin Motor Perf,2220000,810000,440000,130000
의정부시,비와이디코리아,(단종)BYD ATTO 3,1260000,460000,250000,80000
의정부시,비와이디코리아,(단종)BYD DOLPHIN,1090000,390000,220000,70000
의정부시,비와이디코리아,(단종)BYD DOLPHIN Active,1320000,480000,260000,80000
의정부시,비와이디코리아,(단종)BYD SEAL,1690000,610000,340000,100000
의정부시,비와이디코리아,(단종)BYD SEAL Dynamic AWD,1510000,550000,300000,90000
의정부시,비와이디코리아,(단종)BYD SEALION 7,1520000,550000,300000,90000
의정부시,케이지모빌리티,토레스 EVX 18인치,3540000,1290000,710000,210000
의정부시,케이지모빌리티,토레스 EVX 18인치(2026),3610000,1320000,720000,220000
의정부시,케이지모빌리티,토레스 EVX 20인치,3440000,1260000,690000,210000
의정부시,케이지모빌리티,토레스 EVX 20인치(2026),3540000,1290000,710000,210000
의정부시,케이지모빌리티,(단종)토레스 EVX 2WD 18인치,3270000,1190000,650000,200000
의정부시,케이지모빌리티,(단종)토레스 EVX 2WD 20인치,3120000,1140000,620000,190000
의정부시,테슬라코리아,Model 3 Performance,2000000,730000,400000,120000
의정부시,테슬라코리아,Model 3 Premium Long Range RWD,4200000,1540000,840000,250000
의정부시,테슬라코리아,Model 3 Premium Long Range RWD(5999만원),2100000,770000,420000,130000
의정부시,테슬라코리아,Model 3 RWD,1680000,610000,340000,100000
의정부시,테슬라코리아,Model 3 RWD(2025),1680000,610000,340000,100000
의정부시,테슬라코리아,Model Y L AWD,2150000,780000,430000,130000
의정부시,테슬라코리아,Model Y Long Range(2025),2100000,770000,420000,130000
의정부시,테슬라코리아,Model Y Premium Long Range,2100000,770000,420000,130000
의정부시,테슬라코리아,Model Y Premium RWD,1700000,620000,340000,100000
의정부시,테슬라코리아,Model Y RWD(2025),1700000,620000,340000,100000
의정부시,폭스바겐그룹코리아,ID.4 Pro,4320000,1580000,860000,260000
의정부시,폭스바겐그룹코리아,Q4 45 e-tron,2060000,750000,410000,120000
의정부시,폭스바겐그룹코리아,Q4 Sportback 45 e-tron,2060000,750000,410000,120000
의정부시,폭스바겐그룹코리아,(단종)Q6 e-tron performance,2200000,800000,440000,130000
의정부시,폭스바겐그룹코리아,iD.5 Pro,4730000,1730000,950000,290000
의정부시,폴스타오토모티브코리아,Polestar 4 Coupe Dual Motor,1680000,610000,340000,100000
의정부시,폴스타오토모티브코리아,Polestar 4 Coupe Rear Motor,1810000,660000,360000,110000
의정부시,현대자동차,ELECTRIFIED G80,2700000,990000,540000,160000
의정부시,현대자동차,ELECTRIFIED GV70 AWD 19인치,2610000,950000,520000,160000
의정부시,현대자동차,ELECTRIFIED GV70 AWD 20인치,2450000,890000,490000,150000
의정부시,현대자동차,GV60 스탠다드 2WD 19인치,2850000,1040000,570000,170000
의정부시,현대자동차,GV60 스탠다드 AWD 19인치,2720000,990000,540000,160000
의정부시,현대자동차,GV60 스탠다드 AWD 20인치,2610000,950000,520000,160000
의정부시,현대자동차,더 뉴 아이오닉5 2WD 롱레인지 19인치,5640000,2060000,1000000,300000
의정부시,현대자동차,더 뉴 아이오닉5 2WD 롱레인지 19인치 빌트인 캠 미적용,5670000,2070000,1000000,300000
의정부시,현대자동차,더 뉴 아이오닉5 2WD 롱레인지 20인치,5590000,2040000,1000000,300000
의정부시,현대자동차,더 뉴 아이오닉5 2WD 롱레인지 N라인 20인치,5410000,1980000,1000000,300000
의정부시,현대자동차,더 뉴 아이오닉5 2WD 스탠다드 19인치,4830000,1770000,970000,290000
의정부시,현대자동차,더 뉴 아이오닉5 AWD 롱레인지 19인치,5580000,2040000,1000000,300000
의정부시,현대자동차,더 뉴 아이오닉5 AWD 롱레인지 20인치,5320000,1950000,1000000,300000
의정부시,현대자동차,더 뉴 아이오닉5 AWD 롱레인지 N라인 20인치,5100000,1870000,1000000,300000
의정부시,현대자동차,더 뉴 아이오닉6 2WD 롱레인지 18인치,5700000,2090000,1000000,300000
의정부시,현대자동차,더 뉴 아이오닉6 2WD 롱레인지 20인치,5700000,2090000,1000000,300000
의정부시,현대자동차,더 뉴 아이오닉6 2WD 롱레인지 N라인 20인치,5700000,2090000,1000000,300000
의정부시,현대자동차,더 뉴 아이오닉6 2WD 스탠다드 18인치,5600000,2050000,1000000,300000
의정부시,현대자동차,더 뉴 아이오닉6 AWD 롱레인지 18인치,5700000,2090000,1000000,300000
의정부시,현대자동차,더 뉴 아이오닉6 AWD 롱레인지 20인치,5530000,2020000,1000000,300000
의정부시,현대자동차,더 뉴 아이오닉6 AWD 롱레인지 N라인 20인치,5370000,1960000,1000000,300000
의정부시,현대자동차,스타리아 라운지 일렉트릭 7인승,2290000,830000,460000,140000
의정부시,현대자동차,스타리아 리무진 일렉트릭 6인승,2290000,830000,460000,140000
의정부시,현대자동차,아이오닉6 N,2500000,910000,500000,150000
의정부시,현대자동차,아이오닉9 성능형 AWD,2720000,990000,540000,160000
의정부시,현대자동차,아이오닉9 항속형 2WD,2740000,1000000,550000,170000
의정부시,현대자동차,아이오닉9 항속형 AWD,2710000,990000,540000,160000
의정부시,현대자동차,캐스퍼 일렉트릭 기본형 15인치,4900000,1790000,980000,290000
의정부시,현대자동차,캐스퍼 일렉트릭 크로스 17인치,4870000,1780000,970000,290000
의정부시,현대자동차,캐스퍼 일렉트릭 항속형 15인치,4900000,1790000,980000,290000
의정부시,현대자동차,캐스퍼 일렉트릭 항속형 17인치(라운지포함),4900000,1790000,980000,290000
의정부시,현대자동차,코나 일렉트릭 2WD 롱레인지 17인치,5140000,1880000,1000000,300000
의정부시,현대자동차,코나 일렉트릭 2WD 롱레인지 17인치 빌트인 캠 미적용,5140000,1880000,1000000,300000
의정부시,현대자동차,코나 일렉트릭 2WD 롱레인지 19인치,4590000,1680000,920000,280000
의정부시,현대자동차,코나 일렉트릭 2WD 스탠다드 17인치,4370000,1600000,870000,260000
안양시,BMW,MINI Aceman E,4000000,1700000,800000,240000
안양시,BMW,MINI Aceman SE,4000000,1700000,800000,240000
안양시,BMW,MINI Cooper SE,3960000,1680000,790000,240000
안양시,BMW,MINI Countryman E,2170000,920000,430000,130000
안양시,BMW,MINI Countryman SE ALL4,2030000,860000,410000,120000
안양시,BMW,MINI JCW Aceman E,1970000,830000,390000,120000
안양시,BMW,MINI JCW E,1910000,810000,380000,110000
안양시,BMW,i4 M60 LCI (71HD),2330000,990000,470000,140000
안양시,BMW,i4 eDrive 40 LCI(21HD),2440000,1030000,490000,150000
안양시,BMW,i4 eDrive 40 LCI(61HD),2560000,1080000,510000,150000
안양시,BMW,i5 eDrive 40,2620000,1110000,520000,160000
안양시,BMW,iX1 eDrive20,2120000,900000,420000,130000
안양시,BMW,iX1 eDrive20(11HM),2350000,990000,470000,140000
안양시,BMW,iX1 xDrive30,1920000,810000,380000,110000
안양시,BMW,iX2 eDrive20,2140000,900000,430000,130000
안양시,BMW,iX2 eDrive20(71GN),2390000,1010000,480000,140000
안양시,BMW,iX3 50 xDrive,2750000,1160000,550000,170000
안양시,기아,EV3 GT,2480000,1050000,500000,150000
안양시,기아,EV3 롱레인지 2WD 17인치,5550000,2350000,1000000,300000
안양시,기아,EV3 롱레인지 2WD 19인치,5550000,2350000,1000000,300000
안양시,기아,EV3 롱레인지 4WD 19인치,5390000,2290000,1000000,300000
안양시,기아,EV3 스탠다드 2WD,4690000,1990000,940000,280000
안양시,기아,EV4 GT,2550000,1080000,510000,150000
안양시,기아,EV4 롱레인지 2WD 17인치,5550000,2350000,1000000,300000
안양시,기아,EV4 롱레인지 2WD 19인치,5550000,2350000,1000000,300000
안양시,기아,EV4 롱레인지 4WD 19인치,5540000,2350000,1000000,300000
안양시,기아,EV4 롱레인지 GTL 2WD 19인치,5550000,2350000,1000000,300000
안양시,기아,EV4 스탠다드 2WD 17인치,5120000,2170000,1000000,300000
안양시,기아,EV4 스탠다드 2WD 19인치,4810000,2040000,960000,290000
안양시,기아,EV5 GT,2320000,980000,460000,140000
안양시,기아,EV5 롱레인지 2WD,5520000,2340000,1000000,300000
안양시,기아,EV5 롱레인지 4WD 18인치,4990000,2120000,1000000,300000
안양시,기아,EV5 롱레인지 4WD 19인치,4930000,2090000,990000,300000
안양시,기아,EV9 GT,2450000,1040000,490000,150000
안양시,기아,EV9 롱레인지 2WD 19인치,2700000,1140000,540000,160000
안양시,기아,EV9 롱레인지 2WD 20인치,2680000,1130000,540000,160000
안양시,기아,EV9 롱레인지 4WD 19인치,2540000,1070000,510000,150000
안양시,기아,EV9 롱레인지 4WD 21인치,2600000,1100000,520000,160000
안양시,기아,EV9 롱레인지 GTL 4WD 21인치,2520000,1070000,500000,150000
안양시,기아,EV9 스탠다드,2370000,1000000,470000,140000
안양시,기아,PV5 패신저 5인승 롱레인지,4580000,1940000,920000,280000
안양시,기아,Pv5 WAV(비용 미지원),6480000,2750000,1000000,300000
안양시,기아,Pv5 WAV(비용 지원),4480000,1900000,900000,270000
안양시,기아,(단종)The all-new Kia Niro EV,4890000,2070000,980000,290000
안양시,기아,더뉴EV6 롱레인지 2WD 19인치,5700000,2420000,1000000,300000
안양시,기아,더뉴EV6 롱레인지 2WD 20인치,5590000,2370000,1000000,300000
안양시,기아,더뉴EV6 롱레인지 4WD 19인치,5610000,2380000,1000000,300000
안양시,기아,더뉴EV6 롱레인지 4WD 20인치,5320000,2260000,1000000,300000
안양시,기아,더뉴EV6 스탠다드,5010000,2120000,1000000,300000
안양시,기아,레이 EV 2WD 14인치 1인승 밴,4570000,1940000,910000,270000
안양시,기아,레이 EV 2WD 14인치 2인승 밴,4570000,1940000,910000,270000
안양시,기아,레이 EV 2WD 14인치 4인승 승용,4570000,1940000,910000,270000
안양시,메르세데스벤츠코리아,EQA 250(Facelift),1900000,800000,380000,110000
안양시,메르세데스벤츠코리아,EQB 300 4MATIC(Facelift),1540000,650000,310000,90000
안양시,메르세데스벤츠코리아,EQB 300 4MATIC(Facelift)(CY25/2),1620000,680000,320000,100000
안양시,볼보자동차코리아,볼보 EX30 Single Motor ER,2470000,1040000,490000,150000
안양시,볼보자동차코리아,볼보 EX30CC Twin Motor Perf,2220000,940000,440000,130000
안양시,비와이디코리아,(단종)BYD ATTO 3,1260000,530000,250000,80000
안양시,비와이디코리아,(단종)BYD DOLPHIN,1090000,460000,220000,70000
안양시,비와이디코리아,(단종)BYD DOLPHIN Active,1320000,560000,260000,80000
안양시,비와이디코리아,(단종)BYD SEAL,1690000,710000,340000,100000
안양시,비와이디코리아,(단종)BYD SEAL Dynamic AWD,1510000,640000,300000,90000
안양시,비와이디코리아,(단종)BYD SEALION 7,1520000,640000,300000,90000
안양시,케이지모빌리티,토레스 EVX 18인치,3540000,1500000,710000,210000
안양시,케이지모빌리티,토레스 EVX 18인치(2026),3610000,1530000,720000,220000
안양시,케이지모빌리티,토레스 EVX 20인치,3440000,1460000,690000,210000
안양시,케이지모빌리티,토레스 EVX 20인치(2026),3540000,1500000,710000,210000
안양시,케이지모빌리티,(단종)토레스 EVX 2WD 18인치,3270000,1380000,650000,200000
안양시,케이지모빌리티,(단종)토레스 EVX 2WD 20인치,3120000,1320000,620000,190000
안양시,테슬라코리아,Model 3 Performance,2000000,850000,400000,120000
안양시,테슬라코리아,Model 3 Premium Long Range RWD,4200000,1780000,840000,250000
안양시,테슬라코리아,Model 3 Premium Long Range RWD(5999만원),2100000,890000,420000,130000
안양시,테슬라코리아,Model 3 RWD,1680000,710000,340000,100000
안양시,테슬라코리아,Model 3 RWD(2025),1680000,710000,340000,100000
안양시,테슬라코리아,Model Y L AWD,2150000,910000,430000,130000
안양시,테슬라코리아,Model Y Long Range(2025),2100000,890000,420000,130000
안양시,테슬라코리아,Model Y Premium Long Range,2100000,890000,420000,130000
안양시,테슬라코리아,Model Y Premium RWD,1700000,720000,340000,100000
안양시,테슬라코리아,Model Y RWD(2025),1700000,720000,340000,100000
안양시,폭스바겐그룹코리아,ID.4 Pro,4320000,1830000,860000,260000
안양시,폭스바겐그룹코리아,Q4 45 e-tron,2060000,870000,410000,120000
안양시,폭스바겐그룹코리아,Q4 Sportback 45 e-tron,2060000,870000,410000,120000
안양시,폭스바겐그룹코리아,(단종)Q6 e-tron performance,2200000,930000,440000,130000
안양시,폭스바겐그룹코리아,iD.5 Pro,4730000,2010000,950000,290000
안양시,폴스타오토모티브코리아,Polestar 4 Coupe Dual Motor,1680000,710000,340000,100000
안양시,폴스타오토모티브코리아,Polestar 4 Coupe Rear Motor,1810000,760000,360000,110000
안양시,현대자동차,ELECTRIFIED G80,2700000,1140000,540000,160000
안양시,현대자동차,ELECTRIFIED GV70 AWD 19인치,2610000,1100000,520000,160000
안양시,현대자동차,ELECTRIFIED GV70 AWD 20인치,2450000,1040000,490000,150000
안양시,현대자동차,GV60 스탠다드 2WD 19인치,2850000,1210000,570000,170000
안양시,현대자동차,GV60 스탠다드 AWD 19인치,2720000,1150000,540000,160000
안양시,현대자동차,GV60 스탠다드 AWD 20인치,2610000,1100000,520000,160000
안양시,현대자동차,더 뉴 아이오닉5 2WD 롱레인지 19인치,5640000,2390000,1000000,300000
안양시,현대자동차,더 뉴 아이오닉5 2WD 롱레인지 19인치 빌트인 캠 미적용,5670000,2400000,1000000,300000
안양시,현대자동차,더 뉴 아이오닉5 2WD 롱레인지 20인치,5590000,2370000,1000000,300000
안양시,현대자동차,더 뉴 아이오닉5 2WD 롱레인지 N라인 20인치,5410000,2290000,1000000,300000
안양시,현대자동차,더 뉴 아이오닉5 2WD 스탠다드 19인치,4830000,2050000,970000,290000
안양시,현대자동차,더 뉴 아이오닉5 AWD 롱레인지 19인치,5580000,2370000,1000000,300000
안양시,현대자동차,더 뉴 아이오닉5 AWD 롱레인지 20인치,5320000,2260000,1000000,300000
안양시,현대자동차,더 뉴 아이오닉5 AWD 롱레인지 N라인 20인치,5100000,2160000,1000000,300000
안양시,현대자동차,더 뉴 아이오닉6 2WD 롱레인지 18인치,5700000,2420000,1000000,300000
안양시,현대자동차,더 뉴 아이오닉6 2WD 롱레인지 20인치,5700000,2420000,1000000,300000
안양시,현대자동차,더 뉴 아이오닉6 2WD 롱레인지 N라인 20인치,5700000,2420000,1000000,300000
안양시,현대자동차,더 뉴 아이오닉6 2WD 스탠다드 18인치,5600000,2380000,1000000,300000
안양시,현대자동차,더 뉴 아이오닉6 AWD 롱레인지 18인치,5700000,2420000,1000000,300000
안양시,현대자동차,더 뉴 아이오닉6 AWD 롱레인지 20인치,5530000,2350000,1000000,300000
안양시,현대자동차,더 뉴 아이오닉6 AWD 롱레인지 N라인 20인치,5370000,2280000,1000000,300000
안양시,현대자동차,스타리아 라운지 일렉트릭 7인승,2290000,970000,460000,140000
안양시,현대자동차,스타리아 리무진 일렉트릭 6인승,2290000,970000,460000,140000
안양시,현대자동차,아이오닉6 N,2500000,1060000,500000,150000
안양시,현대자동차,아이오닉9 성능형 AWD,2720000,1150000,540000,160000
안양시,현대자동차,아이오닉9 항속형 2WD,2740000,1160000,550000,170000
안양시,현대자동차,아이오닉9 항속형 AWD,2710000,1150000,540000,160000
안양시,현대자동차,캐스퍼 일렉트릭 기본형 15인치,4900000,2080000,980000,290000
안양시,현대자동차,캐스퍼 일렉트릭 크로스 17인치,4870000,2060000,970000,290000
안양시,현대자동차,캐스퍼 일렉트릭 항속형 15인치,4900000,2080000,980000,290000
안양시,현대자동차,캐스퍼 일렉트릭 항속형 17인치(라운지포함),4900000,2080000,980000,290000
안양시,현대자동차,코나 일렉트릭 2WD 롱레인지 17인치,5140000,2180000,1000000,300000
안양시,현대자동차,코나 일렉트릭 2WD 롱레인지 17인치 빌트인 캠 미적용,5140000,2180000,1000000,300000
안양시,현대자동차,코나 일렉트릭 2WD 롱레인지 19인치,4590000,1950000,920000,280000
안양시,현대자동차,코나 일렉트릭 2WD 스탠다드 17인치,4370000,1850000,870000,260000
부천시,BMW,MINI Aceman E,4000000,1200000,800000,240000
부천시,BMW,MINI Aceman SE,4000000,1200000,800000,240000
부천시,BMW,MINI Cooper SE,3960000,1180000,790000,240000
부천시,BMW,MINI Countryman E,2170000,650000,430000,130000
부천시,BMW,MINI Countryman SE ALL4,2030000,600000,410000,120000
부천시,BMW,MINI JCW Aceman E,1970000,590000,390000,120000
부천시,BMW,MINI JCW E,1910000,570000,380000,110000
부천시,BMW,i4 M60 LCI (71HD),2330000,690000,470000,140000
부천시,BMW,i4 eDrive 40 LCI(21HD),2440000,730000,490000,150000
부천시,BMW,i4 eDrive 40 LCI(61HD),2560000,760000,510000,150000
부천시,BMW,i5 eDrive 40,2620000,780000,520000,160000
부천시,BMW,iX1 eDrive20,2120000,630000,420000,130000
부천시,BMW,iX1 eDrive20(11HM),2350000,700000,470000,140000
부천시,BMW,iX1 xDrive30,1920000,570000,380000,110000
부천시,BMW,iX2 eDrive20,2140000,640000,430000,130000
부천시,BMW,iX2 eDrive20(71GN),2390000,710000,480000,140000
부천시,BMW,iX3 50 xDrive,2750000,820000,550000,170000
부천시,기아,EV3 GT,2480000,740000,500000,150000
부천시,기아,EV3 롱레인지 2WD 17인치,5550000,1660000,1000000,300000
부천시,기아,EV3 롱레인지 2WD 19인치,5550000,1660000,1000000,300000
부천시,기아,EV3 롱레인지 4WD 19인치,5390000,1610000,1000000,300000
부천시,기아,EV3 스탠다드 2WD,4690000,1400000,940000,280000
부천시,기아,EV4 GT,2550000,760000,510000,150000
부천시,기아,EV4 롱레인지 2WD 17인치,5550000,1660000,1000000,300000
부천시,기아,EV4 롱레인지 2WD 19인치,5550000,1660000,1000000,300000
부천시,기아,EV4 롱레인지 4WD 19인치,5540000,1660000,1000000,300000
부천시,기아,EV4 롱레인지 GTL 2WD 19인치,5550000,1660000,1000000,300000
부천시,기아,EV4 스탠다드 2WD 17인치,5120000,1530000,1000000,300000
부천시,기아,EV4 스탠다드 2WD 19인치,4810000,1440000,960000,290000
부천시,기아,EV5 GT,2320000,690000,460000,140000
부천시,기아,EV5 롱레인지 2WD,5520000,1650000,1000000,300000
부천시,기아,EV5 롱레인지 4WD 18인치,4990000,1490000,1000000,300000
부천시,기아,EV5 롱레인지 4WD 19인치,4930000,1470000,990000,300000
부천시,기아,EV9 GT,2450000,730000,490000,150000
부천시,기아,EV9 롱레인지 2WD 19인치,2700000,810000,540000,160000
부천시,기아,EV9 롱레인지 2WD 20인치,2680000,800000,540000,160000
부천시,기아,EV9 롱레인지 4WD 19인치,2540000,760000,510000,150000
부천시,기아,EV9 롱레인지 4WD 21인치,2600000,780000,520000,160000
부천시,기아,EV9 롱레인지 GTL 4WD 21인치,2520000,750000,500000,150000
부천시,기아,EV9 스탠다드,2370000,710000,470000,140000
부천시,기아,PV5 패신저 5인승 롱레인지,4580000,1370000,920000,280000
부천시,기아,Pv5 WAV(비용 미지원),6480000,1940000,1000000,300000
부천시,기아,Pv5 WAV(비용 지원),4480000,1340000,900000,270000
부천시,기아,(단종)The all-new Kia Niro EV,4890000,0,980000,290000
부천시,기아,더뉴EV6 롱레인지 2WD 19인치,5700000,1710000,1000000,300000
부천시,기아,더뉴EV6 롱레인지 2WD 20인치,5590000,1670000,1000000,300000
부천시,기아,더뉴EV6 롱레인지 4WD 19인치,5610000,1680000,1000000,300000
부천시,기아,더뉴EV6 롱레인지 4WD 20인치,5320000,1590000,1000000,300000
부천시,기아,더뉴EV6 스탠다드,5010000,1500000,1000000,300000
부천시,기아,레이 EV 2WD 14인치 1인승 밴,4570000,1370000,910000,270000
부천시,기아,레이 EV 2WD 14인치 2인승 밴,4570000,1370000,910000,270000
부천시,기아,레이 EV 2WD 14인치 4인승 승용,4570000,1370000,910000,270000
부천시,메르세데스벤츠코리아,EQA 250(Facelift),1900000,570000,380000,110000
부천시,메르세데스벤츠코리아,EQB 300 4MATIC(Facelift),1540000,460000,310000,90000
부천시,메르세데스벤츠코리아,EQB 300 4MATIC(Facelift)(CY25/2),1620000,480000,320000,100000
부천시,볼보자동차코리아,볼보 EX30 Single Motor ER,2470000,740000,490000,150000
부천시,볼보자동차코리아,볼보 EX30CC Twin Motor Perf,2220000,660000,440000,130000
부천시,비와이디코리아,(단종)BYD ATTO 3,1260000,0,250000,80000
부천시,비와이디코리아,(단종)BYD DOLPHIN,1090000,0,220000,70000
부천시,비와이디코리아,(단종)BYD DOLPHIN Active,1320000,0,260000,80000
부천시,비와이디코리아,(단종)BYD SEAL,1690000,0,340000,100000
부천시,비와이디코리아,(단종)BYD SEAL Dynamic AWD,1510000,0,300000,90000
부천시,비와이디코리아,(단종)BYD SEALION 7,1520000,0,300000,90000
부천시,케이지모빌리티,토레스 EVX 18인치,3540000,1060000,710000,210000
부천시,케이지모빌리티,토레스 EVX 18인치(2026),3610000,1080000,720000,220000
부천시,케이지모빌리티,토레스 EVX 20인치,3440000,1030000,690000,210000
부천시,케이지모빌리티,토레스 EVX 20인치(2026),3540000,1060000,710000,210000
부천시,케이지모빌리티,(단종)토레스 EVX 2WD 18인치,3270000,0,650000,200000
부천시,케이지모빌리티,(단종)토레스 EVX 2WD 20인치,3120000,0,620000,190000
부천시,테슬라코리아,Model 3 Performance,2000000,600000,400000,120000
부천시,테슬라코리아,Model 3 Premium Long Range RWD,4200000,1260000,840000,250000
부천시,테슬라코리아,Model 3 Premium Long Range RWD(5999만원),2100000,630000,420000,130000
부천시,테슬라코리아,Model 3 RWD,1680000,500000,340000,100000
부천시,테슬라코리아,Model 3 RWD(2025),1680000,500000,340000,100000
부천시,테슬라코리아,Model Y L AWD,2150000,640000,430000,130000
부천시,테슬라코리아,Model Y Long Range(2025),2100000,630000,420000,130000
부천시,테슬라코리아,Model Y Premium Long Range,2100000,630000,420000,130000
부천시,테슬라코리아,Model Y Premium RWD,1700000,510000,340000,100000
부천시,테슬라코리아,Model Y RWD(2025),1700000,510000,340000,100000
부천시,폭스바겐그룹코리아,ID.4 Pro,4320000,1290000,860000,260000
부천시,폭스바겐그룹코리아,Q4 45 e-tron,2060000,610000,410000,120000
부천시,폭스바겐그룹코리아,Q4 Sportback 45 e-tron,2060000,610000,410000,120000
부천시,폭스바겐그룹코리아,(단종)Q6 e-tron performance,2200000,0,440000,130000
부천시,폭스바겐그룹코리아,iD.5 Pro,4730000,1410000,950000,290000
부천시,폴스타오토모티브코리아,Polestar 4 Coupe Dual Motor,1680000,500000,340000,100000
부천시,폴스타오토모티브코리아,Polestar 4 Coupe Rear Motor,1810000,540000,360000,110000
부천시,현대자동차,ELECTRIFIED G80,2700000,810000,540000,160000
부천시,현대자동차,ELECTRIFIED GV70 AWD 19인치,2610000,780000,520000,160000
부천시,현대자동차,ELECTRIFIED GV70 AWD 20인치,2450000,730000,490000,150000
부천시,현대자동차,GV60 스탠다드 2WD 19인치,2850000,850000,570000,170000
부천시,현대자동차,GV60 스탠다드 AWD 19인치,2720000,810000,540000,160000
부천시,현대자동차,GV60 스탠다드 AWD 20인치,2610000,780000,520000,160000
부천시,현대자동차,더 뉴 아이오닉5 2WD 롱레인지 19인치,5640000,1690000,1000000,300000
부천시,현대자동차,더 뉴 아이오닉5 2WD 롱레인지 19인치 빌트인 캠 미적용,5670000,1700000,1000000,300000
부천시,현대자동차,더 뉴 아이오닉5 2WD 롱레인지 20인치,5590000,1670000,1000000,300000
부천시,현대자동차,더 뉴 아이오닉5 2WD 롱레인지 N라인 20인치,5410000,1620000,1000000,300000
부천시,현대자동차,더 뉴 아이오닉5 2WD 스탠다드 19인치,4830000,1440000,970000,290000
부천시,현대자동차,더 뉴 아이오닉5 AWD 롱레인지 19인치,5580000,1670000,1000000,300000
부천시,현대자동차,더 뉴 아이오닉5 AWD 롱레인지 20인치,5320000,1590000,1000000,300000
부천시,현대자동차,더 뉴 아이오닉5 AWD 롱레인지 N라인 20인치,5100000,1530000,1000000,300000
부천시,현대자동차,더 뉴 아이오닉6 2WD 롱레인지 18인치,5700000,1710000,1000000,300000
부천시,현대자동차,더 뉴 아이오닉6 2WD 롱레인지 20인치,5700000,1710000,1000000,300000
부천시,현대자동차,더 뉴 아이오닉6 2WD 롱레인지 N라인 20인치,5700000,1710000,1000000,300000
부천시,현대자동차,더 뉴 아이오닉6 2WD 스탠다드 18인치,5600000,1680000,1000000,300000
부천시,현대자동차,더 뉴 아이오닉6 AWD 롱레인지 18인치,5700000,1710000,1000000,300000
부천시,현대자동차,더 뉴 아이오닉6 AWD 롱레인지 20인치,5530000,1650000,1000000,300000
부천시,현대자동차,더 뉴 아이오닉6 AWD 롱레인지 N라인 20인치,5370000,1610000,1000000,300000
부천시,현대자동차,스타리아 라운지 일렉트릭 7인승,2290000,680000,460000,140000
부천시,현대자동차,스타리아 리무진 일렉트릭 6인승,2290000,680000,460000,140000
부천시,현대자동차,아이오닉6 N,2500000,750000,500000,150000
부천시,현대자동차,아이오닉9 성능형 AWD,2720000,810000,540000,160000
부천시,현대자동차,아이오닉9 항속형 2WD,2740000,820000,550000,170000
부천시,현대자동차,아이오닉9 항속형 AWD,2710000,810000,540000,160000
부천시,현대자동차,캐스퍼 일렉트릭 기본형 15인치,4900000,1470000,980000,290000
부천시,현대자동차,캐스퍼 일렉트릭 크로스 17인치,4870000,1460000,970000,290000
부천시,현대자동차,캐스퍼 일렉트릭 항속형 15인치,4900000,1470000,980000,290000
부천시,현대자동차,캐스퍼 일렉트릭 항속형 17인치(라운지포함),4900000,1470000,980000,290000
부천시,현대자동차,코나 일렉트릭 2WD 롱레인지 17인치,5140000,1540000,1000000,300000
부천시,현대자동차,코나 일렉트릭 2WD 롱레인지 17인치 빌트인 캠 미적용,5140000,1540000,1000000,300000
부천시,현대자동차,코나 일렉트릭 2WD 롱레인지 19인치,4590000,1370000,920000,280000
부천시,현대자동차,코나 일렉트릭 2WD 스탠다드 17인치,4370000,1310000,870000,260000
광명시,BMW,MINI Aceman E,4000000,2800000,800000,240000
광명시,BMW,MINI Aceman SE,4000000,2800000,800000,240000
광명시,BMW,MINI Cooper SE,3960000,2770000,790000,240000
광명시,BMW,MINI Countryman E,2170000,1510000,430000,130000
광명시,BMW,MINI Countryman SE ALL4,2030000,1420000,410000,120000
광명시,BMW,MINI JCW Aceman E,1970000,1370000,390000,120000
광명시,BMW,MINI JCW E,1910000,1330000,380000,110000
광명시,BMW,i4 M60 LCI (71HD),2330000,1630000,470000,140000
광명시,BMW,i4 eDrive 40 LCI(21HD),2440000,1700000,490000,150000
광명시,BMW,i4 eDrive 40 LCI(61HD),2560000,1790000,510000,150000
광명시,BMW,i5 eDrive 40,2620000,1830000,520000,160000
광명시,BMW,iX1 eDrive20,2120000,1480000,420000,130000
광명시,BMW,iX1 xDrive30,1920000,1340000,380000,110000
광명시,BMW,iX2 eDrive20,2140000,1490000,430000,130000
광명시,BMW,iX3 50 xDrive,2750000,1920000,550000,170000
광명시,기아,EV3 GT,2480000,1730000,500000,150000
광명시,기아,EV3 롱레인지 2WD 17인치,5550000,3880000,1000000,300000
광명시,기아,EV3 롱레인지 2WD 19인치,5550000,3880000,1000000,300000
광명시,기아,EV3 롱레인지 4WD 19인치,5390000,3770000,1000000,300000
광명시,기아,EV3 스탠다드 2WD,4690000,3280000,940000,280000
광명시,기아,EV4 GT,2550000,1780000,510000,150000
광명시,기아,EV4 롱레인지 2WD 17인치,5550000,3880000,1000000,300000
광명시,기아,EV4 롱레인지 2WD 19인치,5550000,3880000,1000000,300000
광명시,기아,EV4 롱레인지 4WD 19인치,5540000,3870000,1000000,300000
광명시,기아,EV4 롱레인지 GTL 2WD 19인치,5550000,3880000,1000000,300000
광명시,기아,EV4 스탠다드 2WD 17인치,5120000,3580000,1000000,300000
광명시,기아,EV4 스탠다드 2WD 19인치,4810000,3360000,960000,290000
광명시,기아,EV5 GT,2320000,1620000,460000,140000
광명시,기아,EV5 롱레인지 2WD,5520000,3860000,1000000,300000
광명시,기아,EV5 롱레인지 4WD 18인치,4990000,3490000,1000000,300000
광명시,기아,EV5 롱레인지 4WD 19인치,4930000,3450000,990000,300000
광명시,기아,EV9 GT,2450000,1710000,490000,150000
광명시,기아,EV9 롱레인지 2WD 19인치,2700000,1890000,540000,160000
광명시,기아,EV9 롱레인지 2WD 20인치,2680000,1870000,540000,160000
광명시,기아,EV9 롱레인지 4WD 19인치,2540000,1770000,510000,150000
광명시,기아,EV9 롱레인지 4WD 21인치,2600000,1820000,520000,160000
광명시,기아,EV9 롱레인지 GTL 4WD 21인치,2520000,1760000,500000,150000
광명시,기아,EV9 스탠다드,2370000,1650000,470000,140000
광명시,기아,PV5 패신저 5인승 롱레인지,4580000,3200000,920000,280000
광명시,기아,Pv5 WAV(비용 미지원),6480000,4530000,1000000,300000
광명시,기아,Pv5 WAV(비용 지원),4480000,3130000,900000,270000
광명시,기아,(단종)The all-new Kia Niro EV,4890000,3420000,980000,290000
광명시,기아,더뉴EV6 롱레인지 2WD 19인치,5700000,3990000,1000000,300000
광명시,기아,더뉴EV6 롱레인지 2WD 20인치,5590000,3910000,1000000,300000
광명시,기아,더뉴EV6 롱레인지 4WD 19인치,5610000,3920000,1000000,300000
광명시,기아,더뉴EV6 롱레인지 4WD 20인치,5320000,3720000,1000000,300000
광명시,기아,더뉴EV6 스탠다드,5010000,3500000,1000000,300000
광명시,기아,레이 EV 2WD 14인치 1인승 밴,4570000,3190000,910000,270000
광명시,기아,레이 EV 2WD 14인치 2인승 밴,4570000,3190000,910000,270000
광명시,기아,레이 EV 2WD 14인치 4인승 승용,4570000,3190000,910000,270000
광명시,메르세데스벤츠코리아,EQA 250(Facelift),1900000,1330000,380000,110000
광명시,메르세데스벤츠코리아,EQB 300 4MATIC(Facelift),1540000,1070000,310000,90000
광명시,메르세데스벤츠코리아,EQB 300 4MATIC(Facelift)(CY25/2),1620000,1130000,320000,100000
광명시,볼보자동차코리아,볼보 EX30 Single Motor ER,2470000,1720000,490000,150000
광명시,볼보자동차코리아,볼보 EX30CC Twin Motor Perf,2220000,1550000,440000,130000
광명시,비와이디코리아,(단종)BYD ATTO 3,1260000,880000,250000,80000
광명시,비와이디코리아,(단종)BYD DOLPHIN,1090000,760000,220000,70000
광명시,비와이디코리아,(단종)BYD DOLPHIN Active,1320000,920000,260000,80000
광명시,비와이디코리아,(단종)BYD SEAL,1690000,1180000,340000,100000
광명시,비와이디코리아,(단종)BYD SEAL Dynamic AWD,1510000,1050000,300000,90000
광명시,비와이디코리아,(단종)BYD SEALION 7,1520000,1060000,300000,90000
광명시,케이지모빌리티,토레스 EVX 18인치,3540000,2470000,710000,210000
광명시,케이지모빌리티,토레스 EVX 18인치(2026),3610000,2520000,720000,220000
광명시,케이지모빌리티,토레스 EVX 20인치,3440000,2400000,690000,210000
광명시,케이지모빌리티,토레스 EVX 20인치(2026),3540000,2470000,710000,210000
광명시,케이지모빌리티,(단종)토레스 EVX 2WD 18인치,3270000,2280000,650000,200000
광명시,케이지모빌리티,(단종)토레스 EVX 2WD 20인치,3120000,2180000,620000,190000
광명시,테슬라코리아,Model 3 Performance,2000000,1400000,400000,120000
광명시,테슬라코리아,Model 3 Premium Long Range RWD,4200000,2940000,840000,250000
광명시,테슬라코리아,Model 3 Premium Long Range RWD(5999만원),2100000,1470000,420000,130000
광명시,테슬라코리아,Model 3 RWD,1680000,1170000,340000,100000
광명시,테슬라코리아,Model 3 RWD(2025),1680000,1170000,340000,100000
광명시,테슬라코리아,Model Y L AWD,2150000,1500000,430000,130000
광명시,테슬라코리아,Model Y Long Range(2025),2100000,1470000,420000,130000
광명시,테슬라코리아,Model Y Premium Long Range,2100000,1470000,420000,130000
광명시,테슬라코리아,Model Y Premium RWD,1700000,1190000,340000,100000
광명시,테슬라코리아,Model Y RWD(2025),1700000,1190000,340000,100000
광명시,폭스바겐그룹코리아,ID.4 Pro,4320000,3020000,860000,260000
광명시,폭스바겐그룹코리아,Q4 45 e-tron,2060000,1440000,410000,120000
광명시,폭스바겐그룹코리아,Q4 Sportback 45 e-tron,2060000,1440000,410000,120000
광명시,폭스바겐그룹코리아,(단종)Q6 e-tron performance,2200000,1540000,440000,130000
광명시,폭스바겐그룹코리아,iD.5 Pro,4730000,3310000,950000,290000
광명시,현대자동차,ELECTRIFIED G80,2700000,1890000,540000,160000
광명시,현대자동차,ELECTRIFIED GV70 AWD 19인치,2610000,1820000,520000,160000
광명시,현대자동차,ELECTRIFIED GV70 AWD 20인치,2450000,1710000,490000,150000
광명시,현대자동차,GV60 스탠다드 2WD 19인치,2850000,1990000,570000,170000
광명시,현대자동차,GV60 스탠다드 AWD 19인치,2720000,1900000,540000,160000
광명시,현대자동차,GV60 스탠다드 AWD 20인치,2610000,1820000,520000,160000
광명시,현대자동차,더 뉴 아이오닉5 2WD 롱레인지 19인치,5640000,3940000,1000000,300000
광명시,현대자동차,더 뉴 아이오닉5 2WD 롱레인지 19인치 빌트인 캠 미적용,5670000,3960000,1000000,300000
광명시,현대자동차,더 뉴 아이오닉5 2WD 롱레인지 20인치,5590000,3910000,1000000,300000
광명시,현대자동차,더 뉴 아이오닉5 2WD 롱레인지 N라인 20인치,5410000,3780000,1000000,300000
광명시,현대자동차,더 뉴 아이오닉5 2WD 스탠다드 19인치,4830000,3380000,970000,290000
광명시,현대자동차,더 뉴 아이오닉5 AWD 롱레인지 19인치,5580000,3900000,1000000,300000
광명시,현대자동차,더 뉴 아이오닉5 AWD 롱레인지 20인치,5320000,3720000,1000000,300000
광명시,현대자동차,더 뉴 아이오닉5 AWD 롱레인지 N라인 20인치,5100000,3570000,1000000,300000
광명시,현대자동차,더 뉴 아이오닉6 2WD 롱레인지 18인치,5700000,3990000,1000000,300000
광명시,현대자동차,더 뉴 아이오닉6 2WD 롱레인지 20인치,5700000,3990000,1000000,300000
광명시,현대자동차,더 뉴 아이오닉6 2WD 롱레인지 N라인 20인치,5700000,3990000,1000000,300000
광명시,현대자동차,더 뉴 아이오닉6 2WD 스탠다드 18인치,5600000,3920000,1000000,300000
광명시,현대자동차,더 뉴 아이오닉6 AWD 롱레인지 18인치,5700000,3990000,1000000,300000
광명시,현대자동차,더 뉴 아이오닉6 AWD 롱레인지 20인치,5530000,3870000,1000000,300000
광명시,현대자동차,더 뉴 아이오닉6 AWD 롱레인지 N라인 20인치,5370000,3750000,1000000,300000
광명시,현대자동차,스타리아 라운지 일렉트릭 7인승,2290000,1600000,460000,140000
광명시,현대자동차,스타리아 리무진 일렉트릭 6인승,2290000,1600000,460000,140000
광명시,현대자동차,아이오닉6 N,2500000,1750000,500000,150000
광명시,현대자동차,아이오닉9 성능형 AWD,2720000,1900000,540000,160000
광명시,현대자동차,아이오닉9 항속형 2WD,2740000,1910000,550000,170000
광명시,현대자동차,아이오닉9 항속형 AWD,2710000,1890000,540000,160000
광명시,현대자동차,캐스퍼 일렉트릭 기본형 15인치,4900000,3430000,980000,290000
광명시,현대자동차,캐스퍼 일렉트릭 크로스 17인치,4870000,3400000,970000,290000
광명시,현대자동차,캐스퍼 일렉트릭 항속형 15인치,4900000,3430000,980000,290000
광명시,현대자동차,캐스퍼 일렉트릭 항속형 17인치(라운지포함),4900000,3430000,980000,290000
광명시,현대자동차,코나 일렉트릭 2WD 롱레인지 17인치,5140000,3590000,1000000,300000
광명시,현대자동차,코나 일렉트릭 2WD 롱레인지 17인치 빌트인 캠 미적용,5140000,3590000,1000000,300000
광명시,현대자동차,코나 일렉트릭 2WD 롱레인지 19인치,4590000,3210000,920000,280000
광명시,현대자동차,코나 일렉트릭 2WD 스탠다드 17인치,4370000,3050000,870000,260000
평택시,BMW,MINI Aceman E,4000000,2000000,800000,240000
평택시,BMW,MINI Aceman SE,4000000,2000000,800000,240000
평택시,BMW,MINI Cooper SE,3960000,1980000,790000,240000
평택시,BMW,MINI Countryman E,2170000,1080000,430000,130000
평택시,BMW,MINI Countryman SE ALL4,2030000,1010000,410000,120000
평택시,BMW,MINI JCW Aceman E,1970000,980000,390000,120000
평택시,BMW,MINI JCW E,1910000,950000,380000,110000
평택시,BMW,i4 M60 LCI (71HD),2330000,1160000,470000,140000
평택시,BMW,i4 eDrive 40 LCI(21HD),2440000,1220000,490000,150000
평택시,BMW,i4 eDrive 40 LCI(61HD),2560000,1280000,510000,150000
평택시,BMW,i5 eDrive 40,2620000,1310000,520000,160000
평택시,BMW,iX1 eDrive20,2120000,1060000,420000,130000
평택시,BMW,iX1 eDrive20(11HM),2350000,1170000,470000,140000
평택시,BMW,iX1 xDrive30,1920000,960000,380000,110000
평택시,BMW,iX2 eDrive20,2140000,1070000,430000,130000
평택시,BMW,iX2 eDrive20(71GN),2390000,1190000,480000,140000
평택시,BMW,iX3 50 xDrive,2750000,1370000,550000,170000
평택시,기아,EV3 GT,2480000,1240000,500000,150000
평택시,기아,EV3 롱레인지 2WD 17인치,5550000,2770000,1000000,300000
평택시,기아,EV3 롱레인지 2WD 19인치,5550000,2770000,1000000,300000
평택시,기아,EV3 롱레인지 4WD 19인치,5390000,2690000,1000000,300000
평택시,기아,EV3 스탠다드 2WD,4690000,2340000,940000,280000
평택시,기아,EV4 GT,2550000,1270000,510000,150000
평택시,기아,EV4 롱레인지 2WD 17인치,5550000,2770000,1000000,300000
평택시,기아,EV4 롱레인지 2WD 19인치,5550000,2770000,1000000,300000
평택시,기아,EV4 롱레인지 4WD 19인치,5540000,2770000,1000000,300000
평택시,기아,EV4 롱레인지 GTL 2WD 19인치,5550000,2770000,1000000,300000
평택시,기아,EV4 스탠다드 2WD 17인치,5120000,2560000,1000000,300000
평택시,기아,EV4 스탠다드 2WD 19인치,4810000,2400000,960000,290000
평택시,기아,EV5 GT,2320000,1160000,460000,140000
평택시,기아,EV5 롱레인지 2WD,5520000,2760000,1000000,300000
평택시,기아,EV5 롱레인지 4WD 18인치,4990000,2490000,1000000,300000
평택시,기아,EV5 롱레인지 4WD 19인치,4930000,2460000,990000,300000
평택시,기아,EV9 GT,2450000,1220000,490000,150000
평택시,기아,EV9 롱레인지 2WD 19인치,2700000,1350000,540000,160000
평택시,기아,EV9 롱레인지 2WD 20인치,2680000,1340000,540000,160000
평택시,기아,EV9 롱레인지 4WD 19인치,2540000,1270000,510000,150000
평택시,기아,EV9 롱레인지 4WD 21인치,2600000,1300000,520000,160000
평택시,기아,EV9 롱레인지 GTL 4WD 21인치,2520000,1260000,500000,150000
평택시,기아,EV9 스탠다드,2370000,1180000,470000,140000
평택시,기아,PV5 패신저 5인승 롱레인지,4580000,2290000,920000,280000
평택시,기아,Pv5 WAV(비용 미지원),6480000,3240000,1000000,300000
평택시,기아,Pv5 WAV(비용 지원),4480000,2240000,900000,270000
평택시,기아,(단종)The all-new Kia Niro EV,4890000,2440000,980000,290000
평택시,기아,더뉴EV6 롱레인지 2WD 19인치,5700000,2850000,1000000,300000
평택시,기아,더뉴EV6 롱레인지 2WD 20인치,5590000,2790000,1000000,300000
평택시,기아,더뉴EV6 롱레인지 4WD 19인치,5610000,2800000,1000000,300000
평택시,기아,더뉴EV6 롱레인지 4WD 20인치,5320000,2660000,1000000,300000
평택시,기아,더뉴EV6 스탠다드,5010000,2500000,1000000,300000
평택시,기아,레이 EV 2WD 14인치 1인승 밴,4570000,2280000,910000,270000
평택시,기아,레이 EV 2WD 14인치 2인승 밴,4570000,2280000,910000,270000
평택시,기아,레이 EV 2WD 14인치 4인승 승용,4570000,2280000,910000,270000
평택시,메르세데스벤츠코리아,EQA 250(Facelift),1900000,950000,380000,110000
평택시,메르세데스벤츠코리아,EQB 300 4MATIC(Facelift),1540000,770000,310000,90000
평택시,메르세데스벤츠코리아,EQB 300 4MATIC(Facelift)(CY25/2),1620000,810000,320000,100000
평택시,볼보자동차코리아,볼보 EX30 Single Motor ER,2470000,1230000,490000,150000
평택시,볼보자동차코리아,볼보 EX30CC Twin Motor Perf,2220000,1110000,440000,130000
평택시,비와이디코리아,(단종)BYD ATTO 3,1260000,630000,250000,80000
평택시,비와이디코리아,(단종)BYD DOLPHIN,1090000,540000,220000,70000
평택시,비와이디코리아,(단종)BYD DOLPHIN Active,1320000,660000,260000,80000
평택시,비와이디코리아,(단종)BYD SEAL,1690000,840000,340000,100000
평택시,비와이디코리아,(단종)BYD SEAL Dynamic AWD,1510000,750000,300000,90000
평택시,비와이디코리아,(단종)BYD SEALION 7,1520000,760000,300000,90000
평택시,케이지모빌리티,토레스 EVX 18인치,3540000,1770000,710000,210000
평택시,케이지모빌리티,토레스 EVX 18인치(2026),3610000,1800000,720000,220000
평택시,케이지모빌리티,토레스 EVX 20인치,3440000,1720000,690000,210000
평택시,케이지모빌리티,토레스 EVX 20인치(2026),3540000,1770000,710000,210000
평택시,케이지모빌리티,(단종)토레스 EVX 2WD 18인치,3270000,1630000,650000,200000
평택시,케이지모빌리티,(단종)토레스 EVX 2WD 20인치,3120000,1560000,620000,190000
평택시,테슬라코리아,Model 3 Performance,2000000,1000000,400000,120000
평택시,테슬라코리아,Model 3 Premium Long Range RWD,4200000,2100000,840000,250000
평택시,테슬라코리아,Model 3 Premium Long Range RWD(5999만원),2100000,1050000,420000,130000
평택시,테슬라코리아,Model 3 RWD,1680000,840000,340000,100000
평택시,테슬라코리아,Model 3 RWD(2025),1680000,840000,340000,100000
평택시,테슬라코리아,Model Y L AWD,2150000,1070000,430000,130000
평택시,테슬라코리아,Model Y Long Range(2025),2100000,1050000,420000,130000
평택시,테슬라코리아,Model Y Premium Long Range,2100000,1050000,420000,130000
평택시,테슬라코리아,Model Y Premium RWD,1700000,850000,340000,100000
평택시,테슬라코리아,Model Y RWD(2025),1700000,850000,340000,100000
평택시,폭스바겐그룹코리아,ID.4 Pro,4320000,2160000,860000,260000
평택시,폭스바겐그룹코리아,Q4 45 e-tron,2060000,1030000,410000,120000
평택시,폭스바겐그룹코리아,Q4 Sportback 45 e-tron,2060000,1030000,410000,120000
평택시,폭스바겐그룹코리아,(단종)Q6 e-tron performance,2200000,1100000,440000,130000
평택시,폭스바겐그룹코리아,iD.5 Pro,4730000,2360000,950000,290000
평택시,폴스타오토모티브코리아,Polestar 4 Coupe Dual Motor,1680000,840000,340000,100000
평택시,폴스타오토모티브코리아,Polestar 4 Coupe Rear Motor,1810000,900000,360000,110000
평택시,현대자동차,ELECTRIFIED G80,2700000,1350000,540000,160000
평택시,현대자동차,ELECTRIFIED GV70 AWD 19인치,2610000,1300000,520000,160000
평택시,현대자동차,ELECTRIFIED GV70 AWD 20인치,2450000,1220000,490000,150000
평택시,현대자동차,GV60 스탠다드 2WD 19인치,2850000,1420000,570000,170000
평택시,현대자동차,GV60 스탠다드 AWD 19인치,2720000,1360000,540000,160000
평택시,현대자동차,GV60 스탠다드 AWD 20인치,2610000,1300000,520000,160000
평택시,현대자동차,더 뉴 아이오닉5 2WD 롱레인지 19인치,5640000,2820000,1000000,300000
평택시,현대자동차,더 뉴 아이오닉5 2WD 롱레인지 19인치 빌트인 캠 미적용,5670000,2830000,1000000,300000
평택시,현대자동차,더 뉴 아이오닉5 2WD 롱레인지 20인치,5590000,2790000,1000000,300000
평택시,현대자동차,더 뉴 아이오닉5 2WD 롱레인지 N라인 20인치,5410000,2700000,1000000,300000
평택시,현대자동차,더 뉴 아이오닉5 2WD 스탠다드 19인치,4830000,2410000,970000,290000
평택시,현대자동차,더 뉴 아이오닉5 AWD 롱레인지 19인치,5580000,2790000,1000000,300000
평택시,현대자동차,더 뉴 아이오닉5 AWD 롱레인지 20인치,5320000,2660000,1000000,300000
평택시,현대자동차,더 뉴 아이오닉5 AWD 롱레인지 N라인 20인치,5100000,2550000,1000000,300000
평택시,현대자동차,더 뉴 아이오닉6 2WD 롱레인지 18인치,5700000,2850000,1000000,300000
평택시,현대자동차,더 뉴 아이오닉6 2WD 롱레인지 20인치,5700000,2850000,1000000,300000
평택시,현대자동차,더 뉴 아이오닉6 2WD 롱레인지 N라인 20인치,5700000,2850000,1000000,300000
평택시,현대자동차,더 뉴 아이오닉6 2WD 스탠다드 18인치,5600000,2800000,1000000,300000
평택시,현대자동차,더 뉴 아이오닉6 AWD 롱레인지 18인치,5700000,2850000,1000000,300000
평택시,현대자동차,더 뉴 아이오닉6 AWD 롱레인지 20인치,5530000,2760000,1000000,300000
평택시,현대자동차,더 뉴 아이오닉6 AWD 롱레인지 N라인 20인치,5370000,2680000,1000000,300000
평택시,현대자동차,스타리아 라운지 일렉트릭 7인승,2290000,1140000,460000,140000
평택시,현대자동차,스타리아 리무진 일렉트릭 6인승,2290000,1140000,460000,140000
평택시,현대자동차,아이오닉6 N,2500000,1250000,500000,150000
평택시,현대자동차,아이오닉9 성능형 AWD,2720000,1360000,540000,160000
평택시,현대자동차,아이오닉9 항속형 2WD,2740000,1370000,550000,170000
평택시,현대자동차,아이오닉9 항속형 AWD,2710000,1350000,540000,160000
평택시,현대자동차,캐스퍼 일렉트릭 기본형 15인치,4900000,2450000,980000,290000
평택시,현대자동차,캐스퍼 일렉트릭 크로스 17인치,4870000,2430000,970000,290000
평택시,현대자동차,캐스퍼 일렉트릭 항속형 15인치,4900000,2450000,980000,290000
평택시,현대자동차,캐스퍼 일렉트릭 항속형 17인치(라운지포함),4900000,2450000,980000,290000
평택시,현대자동차,코나 일렉트릭 2WD 롱레인지 17인치,5140000,2570000,1000000,300000
평택시,현대자동차,코나 일렉트릭 2WD 롱레인지 17인치 빌트인 캠 미적용,5140000,2570000,1000000,300000
평택시,현대자동차,코나 일렉트릭 2WD 롱레인지 19인치,4590000,2290000,920000,280000
평택시,현대자동차,코나 일렉트릭 2WD 스탠다드 17인치,4370000,2180000,870000,260000
동두천시,BMW,MINI Aceman E,4000000,2240000,800000,240000
동두천시,BMW,MINI Aceman SE,4000000,2240000,800000,240000
동두천시,BMW,MINI Cooper SE,3960000,2210000,790000,240000
동두천시,BMW,MINI Countryman E,2170000,1210000,430000,130000
동두천시,BMW,MINI Countryman SE ALL4,2030000,1130000,410000,120000
동두천시,BMW,MINI JCW Aceman E,1970000,1100000,390000,120000
동두천시,BMW,MINI JCW E,1910000,1060000,380000,110000
동두천시,BMW,i4 M60 LCI (71HD),2330000,1300000,470000,140000
동두천시,BMW,i4 eDrive 40 LCI(21HD),2440000,1360000,490000,150000
동두천시,BMW,i4 eDrive 40 LCI(61HD),2560000,1430000,510000,150000
동두천시,BMW,i5 eDrive 40,2620000,1460000,520000,160000
동두천시,BMW,iX1 eDrive20,2120000,1180000,420000,130000
동두천시,BMW,iX1 eDrive20(11HM),2350000,1310000,470000,140000
동두천시,BMW,iX1 xDrive30,1920000,1070000,380000,110000
동두천시,BMW,iX2 eDrive20,2140000,1190000,430000,130000
동두천시,BMW,iX2 eDrive20(71GN),2390000,1330000,480000,140000
동두천시,BMW,iX3 50 xDrive,2750000,1540000,550000,170000
동두천시,기아,EV3 GT,2480000,1380000,500000,150000
동두천시,기아,EV3 롱레인지 2WD 17인치,5550000,3100000,1000000,300000
동두천시,기아,EV3 롱레인지 2WD 19인치,5550000,3100000,1000000,300000
동두천시,기아,EV3 롱레인지 4WD 19인치,5390000,3010000,1000000,300000
동두천시,기아,EV3 스탠다드 2WD,4690000,2620000,940000,280000
동두천시,기아,EV4 GT,2550000,1420000,510000,150000
동두천시,기아,EV4 롱레인지 2WD 17인치,5550000,3100000,1000000,300000
동두천시,기아,EV4 롱레인지 2WD 19인치,5550000,3100000,1000000,300000
동두천시,기아,EV4 롱레인지 4WD 19인치,5540000,3100000,1000000,300000
동두천시,기아,EV4 롱레인지 GTL 2WD 19인치,5550000,3100000,1000000,300000
동두천시,기아,EV4 스탠다드 2WD 17인치,5120000,2860000,1000000,300000
동두천시,기아,EV4 스탠다드 2WD 19인치,4810000,2690000,960000,290000
동두천시,기아,EV5 GT,2320000,1290000,460000,140000
동두천시,기아,EV5 롱레인지 2WD,5520000,3090000,1000000,300000
동두천시,기아,EV5 롱레인지 4WD 18인치,4990000,2790000,1000000,300000
동두천시,기아,EV5 롱레인지 4WD 19인치,4930000,2760000,990000,300000
동두천시,기아,EV9 GT,2450000,1370000,490000,150000
동두천시,기아,EV9 롱레인지 2WD 19인치,2700000,1510000,540000,160000
동두천시,기아,EV9 롱레인지 2WD 20인치,2680000,1500000,540000,160000
동두천시,기아,EV9 롱레인지 4WD 19인치,2540000,1420000,510000,150000
동두천시,기아,EV9 롱레인지 4WD 21인치,2600000,1450000,520000,160000
동두천시,기아,EV9 롱레인지 GTL 4WD 21인치,2520000,1410000,500000,150000
동두천시,기아,EV9 스탠다드,2370000,1320000,470000,140000
동두천시,기아,PV5 패신저 5인승 롱레인지,4580000,2560000,920000,280000
동두천시,기아,Pv5 WAV(비용 미지원),6480000,3620000,1000000,300000
동두천시,기아,Pv5 WAV(비용 지원),4480000,2500000,900000,270000
동두천시,기아,(단종)The all-new Kia Niro EV,4890000,2730000,980000,290000
동두천시,기아,더뉴EV6 롱레인지 2WD 19인치,5700000,3190000,1000000,300000
동두천시,기아,더뉴EV6 롱레인지 2WD 20인치,5590000,3130000,1000000,300000
동두천시,기아,더뉴EV6 롱레인지 4WD 19인치,5610000,3140000,1000000,300000
동두천시,기아,더뉴EV6 롱레인지 4WD 20인치,5320000,2970000,1000000,300000
동두천시,기아,더뉴EV6 스탠다드,5010000,2800000,1000000,300000
동두천시,기아,레이 EV 2WD 14인치 1인승 밴,4570000,2550000,910000,270000
동두천시,기아,레이 EV 2WD 14인치 2인승 밴,4570000,2550000,910000,270000
동두천시,기아,레이 EV 2WD 14인치 4인승 승용,4570000,2550000,910000,270000
동두천시,메르세데스벤츠코리아,EQA 250(Facelift),1900000,1060000,380000,110000
동두천시,메르세데스벤츠코리아,EQB 300 4MATIC(Facelift),1540000,860000,310000,90000
동두천시,메르세데스벤츠코리아,EQB 300 4MATIC(Facelift)(CY25/2),1620000,900000,320000,100000
동두천시,볼보자동차코리아,볼보 EX30 Single Motor ER,2470000,1380000,490000,150000
동두천시,볼보자동차코리아,볼보 EX30CC Twin Motor Perf,2220000,1240000,440000,130000
동두천시,비와이디코리아,(단종)BYD ATTO 3,1260000,700000,250000,80000
동두천시,비와이디코리아,(단종)BYD DOLPHIN,1090000,610000,220000,70000
동두천시,비와이디코리아,(단종)BYD DOLPHIN Active,1320000,730000,260000,80000
동두천시,비와이디코리아,(단종)BYD SEAL,1690000,940000,340000,100000
동두천시,비와이디코리아,(단종)BYD SEAL Dynamic AWD,1510000,840000,300000,90000
동두천시,비와이디코리아,(단종)BYD SEALION 7,1520000,850000,300000,90000
동두천시,케이지모빌리티,토레스 EVX 18인치,3540000,1980000,710000,210000
동두천시,케이지모빌리티,토레스 EVX 18인치(2026),3610000,2020000,720000,220000
동두천시,케이지모빌리티,토레스 EVX 20인치,3440000,1920000,690000,210000
동두천시,케이지모빌리티,토레스 EVX 20인치(2026),3540000,1980000,710000,210000
동두천시,케이지모빌리티,(단종)토레스 EVX 2WD 18인치,3270000,1830000,650000,200000
동두천시,케이지모빌리티,(단종)토레스 EVX 2WD 20인치,3120000,1740000,620000,190000
동두천시,테슬라코리아,Model 3 Performance,2000000,1120000,400000,120000
동두천시,테슬라코리아,Model 3 Premium Long Range RWD,4200000,2350000,840000,250000
동두천시,테슬라코리아,Model 3 Premium Long Range RWD(5999만원),2100000,1170000,420000,130000
동두천시,테슬라코리아,Model 3 RWD,1680000,940000,340000,100000
동두천시,테슬라코리아,Model 3 RWD(2025),1680000,940000,340000,100000
동두천시,테슬라코리아,Model Y L AWD,2150000,1200000,430000,130000
동두천시,테슬라코리아,Model Y Long Range(2025),2100000,1170000,420000,130000
동두천시,테슬라코리아,Model Y Premium Long Range,2100000,1170000,420000,130000
동두천시,테슬라코리아,Model Y Premium RWD,1700000,950000,340000,100000
동두천시,테슬라코리아,Model Y RWD(2025),1700000,950000,340000,100000
동두천시,폭스바겐그룹코리아,ID.4 Pro,4320000,2410000,860000,260000
동두천시,폭스바겐그룹코리아,Q4 45 e-tron,2060000,1150000,410000,120000
동두천시,폭스바겐그룹코리아,Q4 Sportback 45 e-tron,2060000,1150000,410000,120000
동두천시,폭스바겐그룹코리아,(단종)Q6 e-tron performance,2200000,1230000,440000,130000
동두천시,폭스바겐그룹코리아,iD.5 Pro,4730000,2640000,950000,290000
동두천시,폴스타오토모티브코리아,Polestar 4 Coupe Dual Motor,1680000,940000,340000,100000
동두천시,폴스타오토모티브코리아,Polestar 4 Coupe Rear Motor,1810000,1010000,360000,110000
동두천시,현대자동차,ELECTRIFIED G80,2700000,1510000,540000,160000
동두천시,현대자동차,ELECTRIFIED GV70 AWD 19인치,2610000,1460000,520000,160000
동두천시,현대자동차,ELECTRIFIED GV70 AWD 20인치,2450000,1370000,490000,150000
동두천시,현대자동차,GV60 스탠다드 2WD 19인치,2850000,1590000,570000,170000
동두천시,현대자동차,GV60 스탠다드 AWD 19인치,2720000,1520000,540000,160000
동두천시,현대자동차,GV60 스탠다드 AWD 20인치,2610000,1460000,520000,160000
동두천시,현대자동차,더 뉴 아이오닉5 2WD 롱레인지 19인치,5640000,3150000,1000000,300000
동두천시,현대자동차,더 뉴 아이오닉5 2WD 롱레인지 19인치 빌트인 캠 미적용,5670000,3170000,1000000,300000
동두천시,현대자동차,더 뉴 아이오닉5 2WD 롱레인지 20인치,5590000,3130000,1000000,300000
동두천시,현대자동차,더 뉴 아이오닉5 2WD 롱레인지 N라인 20인치,5410000,3020000,1000000,300000
동두천시,현대자동차,더 뉴 아이오닉5 2WD 스탠다드 19인치,4830000,2700000,970000,290000
동두천시,현대자동차,더 뉴 아이오닉5 AWD 롱레인지 19인치,5580000,3120000,1000000,300000
동두천시,현대자동차,더 뉴 아이오닉5 AWD 롱레인지 20인치,5320000,2970000,1000000,300000
동두천시,현대자동차,더 뉴 아이오닉5 AWD 롱레인지 N라인 20인치,5100000,2850000,1000000,300000
동두천시,현대자동차,더 뉴 아이오닉6 2WD 롱레인지 18인치,5700000,3190000,1000000,300000
동두천시,현대자동차,더 뉴 아이오닉6 2WD 롱레인지 20인치,5700000,3190000,1000000,300000
동두천시,현대자동차,더 뉴 아이오닉6 2WD 롱레인지 N라인 20인치,5700000,3190000,1000000,300000
동두천시,현대자동차,더 뉴 아이오닉6 2WD 스탠다드 18인치,5600000,3130000,1000000,300000
동두천시,현대자동차,더 뉴 아이오닉6 AWD 롱레인지 18인치,5700000,3190000,1000000,300000
동두천시,현대자동차,더 뉴 아이오닉6 AWD 롱레인지 20인치,5530000,3090000,1000000,300000
동두천시,현대자동차,더 뉴 아이오닉6 AWD 롱레인지 N라인 20인치,5370000,3000000,1000000,300000
동두천시,현대자동차,스타리아 라운지 일렉트릭 7인승,2290000,1280000,460000,140000
동두천시,현대자동차,스타리아 리무진 일렉트릭 6인승,2290000,1280000,460000,140000
동두천시,현대자동차,아이오닉6 N,2500000,1400000,500000,150000
동두천시,현대자동차,아이오닉9 성능형 AWD,2720000,1520000,540000,160000
동두천시,현대자동차,아이오닉9 항속형 2WD,2740000,1530000,550000,170000
동두천시,현대자동차,아이오닉9 항속형 AWD,2710000,1510000,540000,160000
동두천시,현대자동차,캐스퍼 일렉트릭 기본형 15인치,4900000,2740000,980000,290000
동두천시,현대자동차,캐스퍼 일렉트릭 크로스 17인치,4870000,2720000,970000,290000
동두천시,현대자동차,캐스퍼 일렉트릭 항속형 15인치,4900000,2740000,980000,290000
동두천시,현대자동차,캐스퍼 일렉트릭 항속형 17인치(라운지포함),4900000,2740000,980000,290000
동두천시,현대자동차,코나 일렉트릭 2WD 롱레인지 17인치,5140000,2870000,1000000,300000
동두천시,현대자동차,코나 일렉트릭 2WD 롱레인지 17인치 빌트인 캠 미적용,5140000,2870000,1000000,300000
동두천시,현대자동차,코나 일렉트릭 2WD 롱레인지 19인치,4590000,2570000,920000,280000
동두천시,현대자동차,코나 일렉트릭 2WD 스탠다드 17인치,4370000,2440000,870000,260000
안산시,BMW,MINI Aceman E,4000000,1600000,800000,240000
안산시,BMW,MINI Aceman SE,4000000,1600000,800000,240000
안산시,BMW,MINI Cooper SE,3960000,1580000,790000,240000
안산시,BMW,MINI Countryman E,2170000,860000,430000,130000
안산시,BMW,MINI Countryman SE ALL4,2030000,810000,410000,120000
안산시,BMW,MINI JCW Aceman E,1970000,780000,390000,120000
안산시,BMW,MINI JCW E,1910000,760000,380000,110000
안산시,BMW,i4 M60 LCI (71HD),2330000,930000,470000,140000
안산시,BMW,i4 eDrive 40 LCI(21HD),2440000,970000,490000,150000
안산시,BMW,i4 eDrive 40 LCI(61HD),2560000,1020000,510000,150000
안산시,BMW,i5 eDrive 40,2620000,1040000,520000,160000
안산시,BMW,iX1 eDrive20,2120000,840000,420000,130000
안산시,BMW,iX1 eDrive20(11HM),2350000,940000,470000,140000
안산시,BMW,iX1 xDrive30,1920000,760000,380000,110000
안산시,BMW,iX2 eDrive20,2140000,850000,430000,130000
안산시,BMW,iX2 eDrive20(71GN),2390000,950000,480000,140000
안산시,BMW,iX3 50 xDrive,2750000,1100000,550000,170000
안산시,기아,EV3 GT,2480000,990000,500000,150000
안산시,기아,EV3 롱레인지 2WD 17인치,5550000,2220000,1000000,300000
안산시,기아,EV3 롱레인지 2WD 19인치,5550000,2220000,1000000,300000
안산시,기아,EV3 롱레인지 4WD 19인치,5390000,2150000,1000000,300000
안산시,기아,EV3 스탠다드 2WD,4690000,1870000,940000,280000
안산시,기아,EV4 GT,2550000,1020000,510000,150000
안산시,기아,EV4 롱레인지 2WD 17인치,5550000,2220000,1000000,300000
안산시,기아,EV4 롱레인지 2WD 19인치,5550000,2220000,1000000,300000
안산시,기아,EV4 롱레인지 4WD 19인치,5540000,2210000,1000000,300000
안산시,기아,EV4 롱레인지 GTL 2WD 19인치,5550000,2220000,1000000,300000
안산시,기아,EV4 스탠다드 2WD 17인치,5120000,2040000,1000000,300000
안산시,기아,EV4 스탠다드 2WD 19인치,4810000,1920000,960000,290000
안산시,기아,EV5 GT,2320000,920000,460000,140000
안산시,기아,EV5 롱레인지 2WD,5520000,2200000,1000000,300000
안산시,기아,EV5 롱레인지 4WD 18인치,4990000,1990000,1000000,300000
안산시,기아,EV5 롱레인지 4WD 19인치,4930000,1970000,990000,300000
안산시,기아,EV9 GT,2450000,980000,490000,150000
안산시,기아,EV9 롱레인지 2WD 19인치,2700000,1080000,540000,160000
안산시,기아,EV9 롱레인지 2WD 20인치,2680000,1070000,540000,160000
안산시,기아,EV9 롱레인지 4WD 19인치,2540000,1010000,510000,150000
안산시,기아,EV9 롱레인지 4WD 21인치,2600000,1040000,520000,160000
안산시,기아,EV9 롱레인지 GTL 4WD 21인치,2520000,1000000,500000,150000
안산시,기아,EV9 스탠다드,2370000,940000,470000,140000
안산시,기아,PV5 패신저 5인승 롱레인지,4580000,1830000,920000,280000
안산시,기아,Pv5 WAV(비용 미지원),6480000,2590000,1000000,300000
안산시,기아,Pv5 WAV(비용 지원),4480000,1790000,900000,270000
안산시,기아,(단종)The all-new Kia Niro EV,4890000,0,980000,290000
안산시,기아,더뉴EV6 롱레인지 2WD 19인치,5700000,2280000,1000000,300000
안산시,기아,더뉴EV6 롱레인지 2WD 20인치,5590000,2230000,1000000,300000
안산시,기아,더뉴EV6 롱레인지 4WD 19인치,5610000,2240000,1000000,300000
안산시,기아,더뉴EV6 롱레인지 4WD 20인치,5320000,2120000,1000000,300000
안산시,기아,더뉴EV6 스탠다드,5010000,2000000,1000000,300000
안산시,기아,레이 EV 2WD 14인치 1인승 밴,4570000,1820000,910000,270000
안산시,기아,레이 EV 2WD 14인치 2인승 밴,4570000,1820000,910000,270000
안산시,기아,레이 EV 2WD 14인치 4인승 승용,4570000,1820000,910000,270000
안산시,메르세데스벤츠코리아,EQA 250(Facelift),1900000,760000,380000,110000
안산시,메르세데스벤츠코리아,EQB 300 4MATIC(Facelift),1540000,610000,310000,90000
안산시,메르세데스벤츠코리아,EQB 300 4MATIC(Facelift)(CY25/2),1620000,640000,320000,100000
안산시,볼보자동차코리아,볼보 EX30 Single Motor ER,2470000,980000,490000,150000
안산시,볼보자동차코리아,볼보 EX30CC Twin Motor Perf,2220000,880000,440000,130000
안산시,비와이디코리아,(단종)BYD ATTO 3,1260000,0,250000,80000
안산시,비와이디코리아,(단종)BYD DOLPHIN,1090000,0,220000,70000
안산시,비와이디코리아,(단종)BYD DOLPHIN Active,1320000,0,260000,80000
안산시,비와이디코리아,(단종)BYD SEAL,1690000,0,340000,100000
안산시,비와이디코리아,(단종)BYD SEAL Dynamic AWD,1510000,0,300000,90000
안산시,비와이디코리아,(단종)BYD SEALION 7,1520000,0,300000,90000
안산시,케이지모빌리티,토레스 EVX 18인치,3540000,1410000,710000,210000
안산시,케이지모빌리티,토레스 EVX 18인치(2026),3610000,1440000,720000,220000
안산시,케이지모빌리티,토레스 EVX 20인치,3440000,1370000,690000,210000
안산시,케이지모빌리티,토레스 EVX 20인치(2026),3540000,1410000,710000,210000
안산시,케이지모빌리티,(단종)토레스 EVX 2WD 18인치,3270000,0,650000,200000
안산시,케이지모빌리티,(단종)토레스 EVX 2WD 20인치,3120000,0,620000,190000
안산시,테슬라코리아,Model 3 Performance,2000000,800000,400000,120000
안산시,테슬라코리아,Model 3 Premium Long Range RWD,4200000,1680000,840000,250000
안산시,테슬라코리아,Model 3 Premium Long Range RWD(5999만원),2100000,840000,420000,130000
안산시,테슬라코리아,Model 3 RWD,1680000,670000,340000,100000
안산시,테슬라코리아,Model 3 RWD(2025),1680000,670000,340000,100000
안산시,테슬라코리아,Model Y L AWD,2150000,860000,430000,130000
안산시,테슬라코리아,Model Y Long Range(2025),2100000,840000,420000,130000
안산시,테슬라코리아,Model Y Premium Long Range,2100000,840000,420000,130000
안산시,테슬라코리아,Model Y Premium RWD,1700000,680000,340000,100000
안산시,테슬라코리아,Model Y RWD(2025),1700000,680000,340000,100000
안산시,폭스바겐그룹코리아,ID.4 Pro,4320000,1720000,860000,260000
안산시,폭스바겐그룹코리아,Q4 45 e-tron,2060000,820000,410000,120000
안산시,폭스바겐그룹코리아,Q4 Sportback 45 e-tron,2060000,820000,410000,120000
안산시,폭스바겐그룹코리아,(단종)Q6 e-tron performance,2200000,0,440000,130000
안산시,폭스바겐그룹코리아,iD.5 Pro,4730000,1890000,950000,290000
안산시,폴스타오토모티브코리아,Polestar 4 Coupe Dual Motor,1680000,670000,340000,100000
안산시,폴스타오토모티브코리아,Polestar 4 Coupe Rear Motor,1810000,720000,360000,110000
안산시,현대자동차,ELECTRIFIED G80,2700000,1080000,540000,160000
안산시,현대자동차,ELECTRIFIED GV70 AWD 19인치,2610000,1040000,520000,160000
안산시,현대자동차,ELECTRIFIED GV70 AWD 20인치,2450000,980000,490000,150000
안산시,현대자동차,GV60 스탠다드 2WD 19인치,2850000,1140000,570000,170000
안산시,현대자동차,GV60 스탠다드 AWD 19인치,2720000,1080000,540000,160000
안산시,현대자동차,GV60 스탠다드 AWD 20인치,2610000,1040000,520000,160000
안산시,현대자동차,더 뉴 아이오닉5 2WD 롱레인지 19인치,5640000,2250000,1000000,300000
안산시,현대자동차,더 뉴 아이오닉5 2WD 롱레인지 19인치 빌트인 캠 미적용,5670000,2260000,1000000,300000
안산시,현대자동차,더 뉴 아이오닉5 2WD 롱레인지 20인치,5590000,2230000,1000000,300000
안산시,현대자동차,더 뉴 아이오닉5 2WD 롱레인지 N라인 20인치,5410000,2160000,1000000,300000
안산시,현대자동차,더 뉴 아이오닉5 2WD 스탠다드 19인치,4830000,1930000,970000,290000
안산시,현대자동차,더 뉴 아이오닉5 AWD 롱레인지 19인치,5580000,2230000,1000000,300000
안산시,현대자동차,더 뉴 아이오닉5 AWD 롱레인지 20인치,5320000,2120000,1000000,300000
안산시,현대자동차,더 뉴 아이오닉5 AWD 롱레인지 N라인 20인치,5100000,2040000,1000000,300000
안산시,현대자동차,더 뉴 아이오닉6 2WD 롱레인지 18인치,5700000,2280000,1000000,300000
안산시,현대자동차,더 뉴 아이오닉6 2WD 롱레인지 20인치,5700000,2280000,1000000,300000
안산시,현대자동차,더 뉴 아이오닉6 2WD 롱레인지 N라인 20인치,5700000,2280000,1000000,300000
안산시,현대자동차,더 뉴 아이오닉6 2WD 스탠다드 18인치,5600000,2240000,1000000,300000
안산시,현대자동차,더 뉴 아이오닉6 AWD 롱레인지 18인치,5700000,2280000,1000000,300000
안산시,현대자동차,더 뉴 아이오닉6 AWD 롱레인지 20인치,5530000,2210000,1000000,300000
안산시,현대자동차,더 뉴 아이오닉6 AWD 롱레인지 N라인 20인치,5370000,2140000,1000000,300000
안산시,현대자동차,스타리아 라운지 일렉트릭 7인승,2290000,910000,460000,140000
안산시,현대자동차,스타리아 리무진 일렉트릭 6인승,2290000,910000,460000,140000
안산시,현대자동차,아이오닉6 N,2500000,1000000,500000,150000
안산시,현대자동차,아이오닉9 성능형 AWD,2720000,1080000,540000,160000
안산시,현대자동차,아이오닉9 항속형 2WD,2740000,1090000,550000,170000
안산시,현대자동차,아이오닉9 항속형 AWD,2710000,1080000,540000,160000
안산시,현대자동차,캐스퍼 일렉트릭 기본형 15인치,4900000,1960000,980000,290000
안산시,현대자동차,캐스퍼 일렉트릭 크로스 17인치,4870000,1940000,970000,290000
안산시,현대자동차,캐스퍼 일렉트릭 항속형 15인치,4900000,1960000,980000,290000
안산시,현대자동차,캐스퍼 일렉트릭 항속형 17인치(라운지포함),4900000,1960000,980000,290000
안산시,현대자동차,코나 일렉트릭 2WD 롱레인지 17인치,5140000,2050000,1000000,300000
안산시,현대자동차,코나 일렉트릭 2WD 롱레인지 17인치 빌트인 캠 미적용,5140000,2050000,1000000,300000
안산시,현대자동차,코나 일렉트릭 2WD 롱레인지 19인치,4590000,1830000,920000,280000
안산시,현대자동차,코나 일렉트릭 2WD 스탠다드 17인치,4370000,1740000,870000,260000
고양시,BMW,MINI Aceman E,4000000,1600000,800000,240000
고양시,BMW,MINI Aceman SE,4000000,1600000,800000,240000
고양시,BMW,MINI Cooper SE,3960000,1580000,790000,240000
고양시,BMW,MINI Countryman E,2170000,860000,430000,130000
고양시,BMW,MINI Countryman SE ALL4,2030000,810000,410000,120000
고양시,BMW,MINI JCW Aceman E,1970000,780000,390000,120000
고양시,BMW,MINI JCW E,1910000,760000,380000,110000
고양시,BMW,i4 M60 LCI (71HD),2330000,930000,470000,140000
고양시,BMW,i4 eDrive 40 LCI(21HD),2440000,970000,490000,150000
고양시,BMW,i4 eDrive 40 LCI(61HD),2560000,1020000,510000,150000
고양시,BMW,i5 eDrive 40,2620000,1040000,520000,160000
고양시,BMW,iX1 eDrive20,2120000,840000,420000,130000
고양시,BMW,iX1 eDrive20(11HM),2350000,940000,470000,140000
고양시,BMW,iX1 xDrive30,1920000,760000,380000,110000
고양시,BMW,iX2 eDrive20,2140000,850000,430000,130000
고양시,BMW,iX2 eDrive20(71GN),2390000,950000,480000,140000
고양시,BMW,iX3 50 xDrive,2750000,1100000,550000,170000
고양시,기아,EV3 GT,2480000,990000,500000,150000
고양시,기아,EV3 롱레인지 2WD 17인치,5550000,2220000,1000000,300000
고양시,기아,EV3 롱레인지 2WD 19인치,5550000,2220000,1000000,300000
고양시,기아,EV3 롱레인지 4WD 19인치,5390000,2150000,1000000,300000
고양시,기아,EV3 스탠다드 2WD,4690000,1870000,940000,280000
고양시,기아,EV4 GT,2550000,1020000,510000,150000
고양시,기아,EV4 롱레인지 2WD 17인치,5550000,2220000,1000000,300000
고양시,기아,EV4 롱레인지 2WD 19인치,5550000,2220000,1000000,300000
고양시,기아,EV4 롱레인지 4WD 19인치,5540000,2210000,1000000,300000
고양시,기아,EV4 롱레인지 GTL 2WD 19인치,5550000,2220000,1000000,300000
고양시,기아,EV4 스탠다드 2WD 17인치,5120000,2040000,1000000,300000
고양시,기아,EV4 스탠다드 2WD 19인치,4810000,1920000,960000,290000
고양시,기아,EV5 GT,2320000,920000,460000,140000
고양시,기아,EV5 롱레인지 2WD,5520000,2200000,1000000,300000
고양시,기아,EV5 롱레인지 4WD 18인치,4990000,1990000,1000000,300000
고양시,기아,EV5 롱레인지 4WD 19인치,4930000,1970000,990000,300000
고양시,기아,EV9 GT,2450000,980000,490000,150000
고양시,기아,EV9 롱레인지 2WD 19인치,2700000,1080000,540000,160000
고양시,기아,EV9 롱레인지 2WD 20인치,2680000,1070000,540000,160000
고양시,기아,EV9 롱레인지 4WD 19인치,2540000,1010000,510000,150000
고양시,기아,EV9 롱레인지 4WD 21인치,2600000,1040000,520000,160000
고양시,기아,EV9 롱레인지 GTL 4WD 21인치,2520000,1000000,500000,150000
고양시,기아,EV9 스탠다드,2370000,940000,470000,140000
고양시,기아,PV5 패신저 5인승 롱레인지,4580000,1830000,920000,280000
고양시,기아,Pv5 WAV(비용 미지원),6480000,2590000,1000000,300000
고양시,기아,Pv5 WAV(비용 지원),4480000,1790000,900000,270000
고양시,기아,(단종)The all-new Kia Niro EV,4890000,1950000,980000,290000
고양시,기아,더뉴EV6 롱레인지 2WD 19인치,5700000,2280000,1000000,300000
고양시,기아,더뉴EV6 롱레인지 2WD 20인치,5590000,2230000,1000000,300000
고양시,기아,더뉴EV6 롱레인지 4WD 19인치,5610000,2240000,1000000,300000
고양시,기아,더뉴EV6 롱레인지 4WD 20인치,5320000,2120000,1000000,300000
고양시,기아,더뉴EV6 스탠다드,5010000,2000000,1000000,300000
고양시,기아,레이 EV 2WD 14인치 1인승 밴,4570000,1820000,910000,270000
고양시,기아,레이 EV 2WD 14인치 2인승 밴,4570000,1820000,910000,270000
고양시,기아,레이 EV 2WD 14인치 4인승 승용,4570000,1820000,910000,270000
고양시,메르세데스벤츠코리아,EQA 250(Facelift),1900000,760000,380000,110000
고양시,메르세데스벤츠코리아,EQB 300 4MATIC(Facelift),1540000,610000,310000,90000
고양시,메르세데스벤츠코리아,EQB 300 4MATIC(Facelift)(CY25/2),1620000,640000,320000,100000
고양시,볼보자동차코리아,볼보 EX30 Single Motor ER,2470000,980000,490000,150000
고양시,볼보자동차코리아,볼보 EX30CC Twin Motor Perf,2220000,880000,440000,130000
고양시,비와이디코리아,(단종)BYD ATTO 3,1260000,500000,250000,80000
고양시,비와이디코리아,(단종)BYD DOLPHIN,1090000,430000,220000,70000
고양시,비와이디코리아,(단종)BYD DOLPHIN Active,1320000,520000,260000,80000
고양시,비와이디코리아,(단종)BYD SEAL,1690000,670000,340000,100000
고양시,비와이디코리아,(단종)BYD SEAL Dynamic AWD,1510000,600000,300000,90000
고양시,비와이디코리아,(단종)BYD SEALION 7,1520000,600000,300000,90000
고양시,케이지모빌리티,토레스 EVX 18인치,3540000,1410000,710000,210000
고양시,케이지모빌리티,토레스 EVX 18인치(2026),3610000,1440000,720000,220000
고양시,케이지모빌리티,토레스 EVX 20인치,3440000,1370000,690000,210000
고양시,케이지모빌리티,토레스 EVX 20인치(2026),3540000,1410000,710000,210000
고양시,케이지모빌리티,(단종)토레스 EVX 2WD 18인치,3270000,1300000,650000,200000
고양시,케이지모빌리티,(단종)토레스 EVX 2WD 20인치,3120000,1240000,620000,190000
고양시,테슬라코리아,Model 3 Performance,2000000,800000,400000,120000
고양시,테슬라코리아,Model 3 Premium Long Range RWD,4200000,1680000,840000,250000
고양시,테슬라코리아,Model 3 Premium Long Range RWD(5999만원),2100000,840000,420000,130000
고양시,테슬라코리아,Model 3 RWD,1680000,670000,340000,100000
고양시,테슬라코리아,Model 3 RWD(2025),1680000,670000,340000,100000
고양시,테슬라코리아,Model Y L AWD,2150000,860000,430000,130000
고양시,테슬라코리아,Model Y Long Range(2025),2100000,840000,420000,130000
고양시,테슬라코리아,Model Y Premium Long Range,2100000,840000,420000,130000
고양시,테슬라코리아,Model Y Premium RWD,1700000,680000,340000,100000
고양시,테슬라코리아,Model Y RWD(2025),1700000,680000,340000,100000
고양시,폭스바겐그룹코리아,ID.4 Pro,4320000,1720000,860000,260000
고양시,폭스바겐그룹코리아,Q4 45 e-tron,2060000,820000,410000,120000
고양시,폭스바겐그룹코리아,Q4 Sportback 45 e-tron,2060000,820000,410000,120000
고양시,폭스바겐그룹코리아,(단종)Q6 e-tron performance,2200000,880000,440000,130000
고양시,폭스바겐그룹코리아,iD.5 Pro,4730000,1890000,950000,290000
고양시,폴스타오토모티브코리아,Polestar 4 Coupe Dual Motor,1680000,670000,340000,100000
고양시,폴스타오토모티브코리아,Polestar 4 Coupe Rear Motor,1810000,720000,360000,110000
고양시,현대자동차,ELECTRIFIED G80,2700000,1080000,540000,160000
고양시,현대자동차,ELECTRIFIED GV70 AWD 19인치,2610000,1040000,520000,160000
고양시,현대자동차,ELECTRIFIED GV70 AWD 20인치,2450000,980000,490000,150000
고양시,현대자동차,GV60 스탠다드 2WD 19인치,2850000,1140000,570000,170000
고양시,현대자동차,GV60 스탠다드 AWD 19인치,2720000,1080000,540000,160000
고양시,현대자동차,GV60 스탠다드 AWD 20인치,2610000,1040000,520000,160000
고양시,현대자동차,더 뉴 아이오닉5 2WD 롱레인지 19인치,5640000,2250000,1000000,300000
고양시,현대자동차,더 뉴 아이오닉5 2WD 롱레인지 19인치 빌트인 캠 미적용,5670000,2260000,1000000,300000
고양시,현대자동차,더 뉴 아이오닉5 2WD 롱레인지 20인치,5590000,2230000,1000000,300000
고양시,현대자동차,더 뉴 아이오닉5 2WD 롱레인지 N라인 20인치,5410000,2160000,1000000,300000
고양시,현대자동차,더 뉴 아이오닉5 2WD 스탠다드 19인치,4830000,1930000,970000,290000
고양시,현대자동차,더 뉴 아이오닉5 AWD 롱레인지 19인치,5580000,2230000,1000000,300000
고양시,현대자동차,더 뉴 아이오닉5 AWD 롱레인지 20인치,5320000,2120000,1000000,300000
고양시,현대자동차,더 뉴 아이오닉5 AWD 롱레인지 N라인 20인치,5100000,2040000,1000000,300000
고양시,현대자동차,더 뉴 아이오닉6 2WD 롱레인지 18인치,5700000,2280000,1000000,300000
고양시,현대자동차,더 뉴 아이오닉6 2WD 롱레인지 20인치,5700000,2280000,1000000,300000
고양시,현대자동차,더 뉴 아이오닉6 2WD 롱레인지 N라인 20인치,5700000,2280000,1000000,300000
고양시,현대자동차,더 뉴 아이오닉6 2WD 스탠다드 18인치,5600000,2240000,1000000,300000
고양시,현대자동차,더 뉴 아이오닉6 AWD 롱레인지 18인치,5700000,2280000,1000000,300000
고양시,현대자동차,더 뉴 아이오닉6 AWD 롱레인지 20인치,5530000,2210000,1000000,300000
고양시,현대자동차,더 뉴 아이오닉6 AWD 롱레인지 N라인 20인치,5370000,2140000,1000000,300000
고양시,현대자동차,스타리아 라운지 일렉트릭 7인승,2290000,910000,460000,140000
고양시,현대자동차,스타리아 리무진 일렉트릭 6인승,2290000,910000,460000,140000
고양시,현대자동차,아이오닉6 N,2500000,1000000,500000,150000
고양시,현대자동차,아이오닉9 성능형 AWD,2720000,1080000,540000,160000
고양시,현대자동차,아이오닉9 항속형 2WD,2740000,1090000,550000,170000
고양시,현대자동차,아이오닉9 항속형 AWD,2710000,1080000,540000,160000
고양시,현대자동차,캐스퍼 일렉트릭 기본형 15인치,4900000,1960000,980000,290000
고양시,현대자동차,캐스퍼 일렉트릭 크로스 17인치,4870000,1940000,970000,290000
고양시,현대자동차,캐스퍼 일렉트릭 항속형 15인치,4900000,1960000,980000,290000
고양시,현대자동차,캐스퍼 일렉트릭 항속형 17인치(라운지포함),4900000,1960000,980000,290000
고양시,현대자동차,코나 일렉트릭 2WD 롱레인지 17인치,5140000,2050000,1000000,300000
고양시,현대자동차,코나 일렉트릭 2WD 롱레인지 17인치 빌트인 캠 미적용,5140000,2050000,1000000,300000
고양시,현대자동차,코나 일렉트릭 2WD 롱레인지 19인치,4590000,1830000,920000,280000
고양시,현대자동차,코나 일렉트릭 2WD 스탠다드 17인치,4370000,1740000,870000,260000
과천시,BMW,MINI Aceman E,4000000,2000000,800000,240000
과천시,BMW,MINI Aceman SE,4000000,2000000,800000,240000
과천시,BMW,MINI Cooper SE,3960000,1980000,790000,240000
과천시,BMW,MINI Countryman E,2170000,1080000,430000,130000
과천시,BMW,MINI Countryman SE ALL4,2030000,1010000,410000,120000
과천시,BMW,MINI JCW Aceman E,1970000,980000,390000,120000
과천시,BMW,MINI JCW E,1910000,950000,380000,110000
과천시,BMW,i4 M60 LCI (71HD),2330000,1160000,470000,140000
과천시,BMW,i4 eDrive 40 LCI(21HD),2440000,1220000,490000,150000
과천시,BMW,i4 eDrive 40 LCI(61HD),2560000,1280000,510000,150000
과천시,BMW,i5 eDrive 40,2620000,1310000,520000,160000
과천시,BMW,iX1 eDrive20,2120000,1060000,420000,130000
과천시,BMW,iX1 eDrive20(11HM),2350000,0,470000,140000
과천시,BMW,iX1 xDrive30,1920000,960000,380000,110000
과천시,BMW,iX2 eDrive20,2140000,1070000,430000,130000
과천시,BMW,iX2 eDrive20(71GN),2390000,0,480000,140000
과천시,BMW,iX3 50 xDrive,2750000,1370000,550000,170000
과천시,기아,EV3 GT,2480000,1240000,500000,150000
과천시,기아,EV3 롱레인지 2WD 17인치,5550000,2770000,1000000,300000
과천시,기아,EV3 롱레인지 2WD 19인치,5550000,2770000,1000000,300000
과천시,기아,EV3 롱레인지 4WD 19인치,5390000,2690000,1000000,300000
과천시,기아,EV3 스탠다드 2WD,4690000,2340000,940000,280000
과천시,기아,EV4 GT,2550000,1270000,510000,150000
과천시,기아,EV4 롱레인지 2WD 17인치,5550000,2770000,1000000,300000
과천시,기아,EV4 롱레인지 2WD 19인치,5550000,2770000,1000000,300000
과천시,기아,EV4 롱레인지 4WD 19인치,5540000,2770000,1000000,300000
과천시,기아,EV4 롱레인지 GTL 2WD 19인치,5550000,2770000,1000000,300000
과천시,기아,EV4 스탠다드 2WD 17인치,5120000,2560000,1000000,300000
과천시,기아,EV4 스탠다드 2WD 19인치,4810000,2400000,960000,290000
과천시,기아,EV5 GT,2320000,1160000,460000,140000
과천시,기아,EV5 롱레인지 2WD,5520000,2760000,1000000,300000
과천시,기아,EV5 롱레인지 4WD 18인치,4990000,2490000,1000000,300000
과천시,기아,EV5 롱레인지 4WD 19인치,4930000,2460000,990000,300000
과천시,기아,EV9 GT,2450000,1220000,490000,150000
과천시,기아,EV9 롱레인지 2WD 19인치,2700000,1350000,540000,160000
과천시,기아,EV9 롱레인지 2WD 20인치,2680000,1340000,540000,160000
과천시,기아,EV9 롱레인지 4WD 19인치,2540000,1270000,510000,150000
과천시,기아,EV9 롱레인지 4WD 21인치,2600000,1300000,520000,160000
과천시,기아,EV9 롱레인지 GTL 4WD 21인치,2520000,1260000,500000,150000
과천시,기아,EV9 스탠다드,2370000,1180000,470000,140000
과천시,기아,PV5 패신저 5인승 롱레인지,4580000,2290000,920000,280000
과천시,기아,Pv5 WAV(비용 미지원),6480000,3240000,1000000,300000
과천시,기아,Pv5 WAV(비용 지원),4480000,2240000,900000,270000
과천시,기아,(단종)The all-new Kia Niro EV,4890000,2440000,980000,290000
과천시,기아,더뉴EV6 롱레인지 2WD 19인치,5700000,2850000,1000000,300000
과천시,기아,더뉴EV6 롱레인지 2WD 20인치,5590000,2790000,1000000,300000
과천시,기아,더뉴EV6 롱레인지 4WD 19인치,5610000,2800000,1000000,300000
과천시,기아,더뉴EV6 롱레인지 4WD 20인치,5320000,2660000,1000000,300000
과천시,기아,더뉴EV6 스탠다드,5010000,2500000,1000000,300000
과천시,기아,레이 EV 2WD 14인치 1인승 밴,4570000,2280000,910000,270000
과천시,기아,레이 EV 2WD 14인치 2인승 밴,4570000,2280000,910000,270000
과천시,기아,레이 EV 2WD 14인치 4인승 승용,4570000,2280000,910000,270000
과천시,메르세데스벤츠코리아,EQA 250(Facelift),1900000,950000,380000,110000
과천시,메르세데스벤츠코리아,EQB 300 4MATIC(Facelift),1540000,770000,310000,90000
과천시,메르세데스벤츠코리아,EQB 300 4MATIC(Facelift)(CY25/2),1620000,810000,320000,100000
과천시,볼보자동차코리아,볼보 EX30 Single Motor ER,2470000,1230000,490000,150000
과천시,볼보자동차코리아,볼보 EX30CC Twin Motor Perf,2220000,1110000,440000,130000
과천시,비와이디코리아,(단종)BYD ATTO 3,1260000,630000,250000,80000
과천시,비와이디코리아,(단종)BYD DOLPHIN,1090000,540000,220000,70000
과천시,비와이디코리아,(단종)BYD DOLPHIN Active,1320000,660000,260000,80000
과천시,비와이디코리아,(단종)BYD SEAL,1690000,840000,340000,100000
과천시,비와이디코리아,(단종)BYD SEAL Dynamic AWD,1510000,750000,300000,90000
과천시,비와이디코리아,(단종)BYD SEALION 7,1520000,760000,300000,90000
과천시,케이지모빌리티,토레스 EVX 18인치,3540000,1770000,710000,210000
과천시,케이지모빌리티,토레스 EVX 18인치(2026),3610000,1800000,720000,220000
과천시,케이지모빌리티,토레스 EVX 20인치,3440000,1720000,690000,210000
과천시,케이지모빌리티,토레스 EVX 20인치(2026),3540000,1770000,710000,210000
과천시,케이지모빌리티,(단종)토레스 EVX 2WD 18인치,3270000,1630000,650000,200000
과천시,케이지모빌리티,(단종)토레스 EVX 2WD 20인치,3120000,1560000,620000,190000
과천시,테슬라코리아,Model 3 Performance,2000000,1000000,400000,120000
과천시,테슬라코리아,Model 3 Premium Long Range RWD,4200000,2100000,840000,250000
과천시,테슬라코리아,Model 3 Premium Long Range RWD(5999만원),2100000,1050000,420000,130000
과천시,테슬라코리아,Model 3 RWD,1680000,840000,340000,100000
과천시,테슬라코리아,Model 3 RWD(2025),1680000,840000,340000,100000
과천시,테슬라코리아,Model Y L AWD,2150000,1070000,430000,130000
과천시,테슬라코리아,Model Y Long Range(2025),2100000,1050000,420000,130000
과천시,테슬라코리아,Model Y Premium Long Range,2100000,1050000,420000,130000
과천시,테슬라코리아,Model Y Premium RWD,1700000,850000,340000,100000
과천시,테슬라코리아,Model Y RWD(2025),1700000,850000,340000,100000
과천시,폭스바겐그룹코리아,ID.4 Pro,4320000,2160000,860000,260000
과천시,폭스바겐그룹코리아,Q4 45 e-tron,2060000,1030000,410000,120000
과천시,폭스바겐그룹코리아,Q4 Sportback 45 e-tron,2060000,1030000,410000,120000
과천시,폭스바겐그룹코리아,(단종)Q6 e-tron performance,2200000,1100000,440000,130000
과천시,폭스바겐그룹코리아,iD.5 Pro,4730000,2360000,950000,290000
과천시,폴스타오토모티브코리아,Polestar 4 Coupe Dual Motor,1680000,840000,340000,100000
과천시,폴스타오토모티브코리아,Polestar 4 Coupe Rear Motor,1810000,900000,360000,110000
과천시,현대자동차,ELECTRIFIED G80,2700000,1350000,540000,160000
과천시,현대자동차,ELECTRIFIED GV70 AWD 19인치,2610000,1300000,520000,160000
과천시,현대자동차,ELECTRIFIED GV70 AWD 20인치,2450000,1220000,490000,150000
과천시,현대자동차,GV60 스탠다드 2WD 19인치,2850000,1420000,570000,170000
과천시,현대자동차,GV60 스탠다드 AWD 19인치,2720000,1360000,540000,160000
과천시,현대자동차,GV60 스탠다드 AWD 20인치,2610000,1300000,520000,160000
과천시,현대자동차,더 뉴 아이오닉5 2WD 롱레인지 19인치,5640000,2820000,1000000,300000
과천시,현대자동차,더 뉴 아이오닉5 2WD 롱레인지 19인치 빌트인 캠 미적용,5670000,2830000,1000000,300000
과천시,현대자동차,더 뉴 아이오닉5 2WD 롱레인지 20인치,5590000,2790000,1000000,300000
과천시,현대자동차,더 뉴 아이오닉5 2WD 롱레인지 N라인 20인치,5410000,2700000,1000000,300000
과천시,현대자동차,더 뉴 아이오닉5 2WD 스탠다드 19인치,4830000,2410000,970000,290000
과천시,현대자동차,더 뉴 아이오닉5 AWD 롱레인지 19인치,5580000,2790000,1000000,300000
과천시,현대자동차,더 뉴 아이오닉5 AWD 롱레인지 20인치,5320000,2660000,1000000,300000
과천시,현대자동차,더 뉴 아이오닉5 AWD 롱레인지 N라인 20인치,5100000,2550000,1000000,300000
과천시,현대자동차,더 뉴 아이오닉6 2WD 롱레인지 18인치,5700000,2850000,1000000,300000
과천시,현대자동차,더 뉴 아이오닉6 2WD 롱레인지 20인치,5700000,2850000,1000000,300000
과천시,현대자동차,더 뉴 아이오닉6 2WD 롱레인지 N라인 20인치,5700000,2850000,1000000,300000
과천시,현대자동차,더 뉴 아이오닉6 2WD 스탠다드 18인치,5600000,2800000,1000000,300000
과천시,현대자동차,더 뉴 아이오닉6 AWD 롱레인지 18인치,5700000,2850000,1000000,300000
과천시,현대자동차,더 뉴 아이오닉6 AWD 롱레인지 20인치,5530000,2760000,1000000,300000
과천시,현대자동차,더 뉴 아이오닉6 AWD 롱레인지 N라인 20인치,5370000,2680000,1000000,300000
과천시,현대자동차,스타리아 라운지 일렉트릭 7인승,2290000,1140000,460000,140000
과천시,현대자동차,스타리아 리무진 일렉트릭 6인승,2290000,1140000,460000,140000
과천시,현대자동차,아이오닉6 N,2500000,1250000,500000,150000
과천시,현대자동차,아이오닉9 성능형 AWD,2720000,1360000,540000,160000
과천시,현대자동차,아이오닉9 항속형 2WD,2740000,1370000,550000,170000
과천시,현대자동차,아이오닉9 항속형 AWD,2710000,1350000,540000,160000
과천시,현대자동차,캐스퍼 일렉트릭 기본형 15인치,4900000,2450000,980000,290000
과천시,현대자동차,캐스퍼 일렉트릭 크로스 17인치,4870000,2430000,970000,290000
과천시,현대자동차,캐스퍼 일렉트릭 항속형 15인치,4900000,2450000,980000,290000
과천시,현대자동차,캐스퍼 일렉트릭 항속형 17인치(라운지포함),4900000,2450000,980000,290000
과천시,현대자동차,코나 일렉트릭 2WD 롱레인지 17인치,5140000,2570000,1000000,300000
과천시,현대자동차,코나 일렉트릭 2WD 롱레인지 17인치 빌트인 캠 미적용,5140000,2570000,1000000,300000
과천시,현대자동차,코나 일렉트릭 2WD 롱레인지 19인치,4590000,2290000,920000,280000
과천시,현대자동차,코나 일렉트릭 2WD 스탠다드 17인치,4370000,2180000,870000,260000
구리시,BMW,MINI Aceman E,4000000,2000000,800000,240000
구리시,BMW,MINI Aceman SE,4000000,2000000,800000,240000
구리시,BMW,MINI Cooper SE,3960000,1980000,790000,240000
구리시,BMW,MINI Countryman E,2170000,1080000,430000,130000
구리시,BMW,MINI Countryman SE ALL4,2030000,1010000,410000,120000
구리시,BMW,MINI JCW Aceman E,1970000,980000,390000,120000
구리시,BMW,MINI JCW E,1910000,950000,380000,110000
구리시,BMW,i4 M60 LCI (71HD),2330000,1160000,470000,140000
구리시,BMW,i4 eDrive 40 LCI(21HD),2440000,1220000,490000,150000
구리시,BMW,i4 eDrive 40 LCI(61HD),2560000,1280000,510000,150000
구리시,BMW,i5 eDrive 40,2620000,1310000,520000,160000
구리시,BMW,iX1 eDrive20,2120000,1060000,420000,130000
구리시,BMW,iX1 eDrive20(11HM),2350000,1140000,470000,140000
구리시,BMW,iX1 xDrive30,1920000,960000,380000,110000
구리시,BMW,iX2 eDrive20,2140000,1070000,430000,130000
구리시,BMW,iX2 eDrive20(71GN),2390000,1190000,480000,140000
구리시,BMW,iX3 50 xDrive,2750000,1370000,550000,170000
구리시,기아,EV3 GT,2480000,1240000,500000,150000
구리시,기아,EV3 롱레인지 2WD 17인치,5550000,2770000,1000000,300000
구리시,기아,EV3 롱레인지 2WD 19인치,5550000,2770000,1000000,300000
구리시,기아,EV3 롱레인지 4WD 19인치,5390000,2690000,1000000,300000
구리시,기아,EV3 스탠다드 2WD,4690000,2340000,940000,280000
구리시,기아,EV4 GT,2550000,1270000,510000,150000
구리시,기아,EV4 롱레인지 2WD 17인치,5550000,2770000,1000000,300000
구리시,기아,EV4 롱레인지 2WD 19인치,5550000,2770000,1000000,300000
구리시,기아,EV4 롱레인지 4WD 19인치,5540000,2770000,1000000,300000
구리시,기아,EV4 롱레인지 GTL 2WD 19인치,5550000,2770000,1000000,300000
구리시,기아,EV4 스탠다드 2WD 17인치,5120000,2560000,1000000,300000
구리시,기아,EV4 스탠다드 2WD 19인치,4810000,2400000,960000,290000
구리시,기아,EV5 GT,2320000,1160000,460000,140000
구리시,기아,EV5 롱레인지 2WD,5520000,2760000,1000000,300000
구리시,기아,EV5 롱레인지 4WD 18인치,4990000,2490000,1000000,300000
구리시,기아,EV5 롱레인지 4WD 19인치,4930000,2460000,990000,300000
구리시,기아,EV9 GT,2450000,1220000,490000,150000
구리시,기아,EV9 롱레인지 2WD 19인치,2700000,1350000,540000,160000
구리시,기아,EV9 롱레인지 2WD 20인치,2680000,1340000,540000,160000
구리시,기아,EV9 롱레인지 4WD 19인치,2540000,1270000,510000,150000
구리시,기아,EV9 롱레인지 4WD 21인치,2600000,1300000,520000,160000
구리시,기아,EV9 롱레인지 GTL 4WD 21인치,2520000,1260000,500000,150000
구리시,기아,EV9 스탠다드,2370000,1180000,470000,140000
구리시,기아,PV5 패신저 5인승 롱레인지,4580000,2290000,920000,280000
구리시,기아,Pv5 WAV(비용 미지원),6480000,3240000,1000000,300000
구리시,기아,Pv5 WAV(비용 지원),4480000,2240000,900000,270000
구리시,기아,(단종)The all-new Kia Niro EV,4890000,2440000,980000,290000
구리시,기아,더뉴EV6 롱레인지 2WD 19인치,5700000,2850000,1000000,300000
구리시,기아,더뉴EV6 롱레인지 2WD 20인치,5590000,2790000,1000000,300000
구리시,기아,더뉴EV6 롱레인지 4WD 19인치,5610000,2800000,1000000,300000
구리시,기아,더뉴EV6 롱레인지 4WD 20인치,5320000,2660000,1000000,300000
구리시,기아,더뉴EV6 스탠다드,5010000,2500000,1000000,300000
구리시,기아,레이 EV 2WD 14인치 1인승 밴,4570000,2280000,910000,270000
구리시,기아,레이 EV 2WD 14인치 2인승 밴,4570000,2280000,910000,270000
구리시,기아,레이 EV 2WD 14인치 4인승 승용,4570000,2280000,910000,270000
구리시,메르세데스벤츠코리아,EQA 250(Facelift),1900000,950000,380000,110000
구리시,메르세데스벤츠코리아,EQB 300 4MATIC(Facelift),1540000,770000,310000,90000
구리시,메르세데스벤츠코리아,EQB 300 4MATIC(Facelift)(CY25/2),1620000,810000,320000,100000
구리시,볼보자동차코리아,볼보 EX30 Single Motor ER,2470000,1230000,490000,150000
구리시,볼보자동차코리아,볼보 EX30CC Twin Motor Perf,2220000,1110000,440000,130000
구리시,비와이디코리아,(단종)BYD ATTO 3,1260000,630000,250000,80000
구리시,비와이디코리아,(단종)BYD DOLPHIN,1090000,540000,220000,70000
구리시,비와이디코리아,(단종)BYD DOLPHIN Active,1320000,660000,260000,80000
구리시,비와이디코리아,(단종)BYD SEAL,1690000,840000,340000,100000
구리시,비와이디코리아,(단종)BYD SEAL Dynamic AWD,1510000,750000,300000,90000
구리시,비와이디코리아,(단종)BYD SEALION 7,1520000,760000,300000,90000
구리시,케이지모빌리티,토레스 EVX 18인치,3540000,1770000,710000,210000
구리시,케이지모빌리티,토레스 EVX 18인치(2026),3610000,1800000,720000,220000
구리시,케이지모빌리티,토레스 EVX 20인치,3440000,1720000,690000,210000
구리시,케이지모빌리티,토레스 EVX 20인치(2026),3540000,1770000,710000,210000
구리시,케이지모빌리티,(단종)토레스 EVX 2WD 18인치,3270000,1630000,650000,200000
구리시,케이지모빌리티,(단종)토레스 EVX 2WD 20인치,3120000,1560000,620000,190000
구리시,테슬라코리아,Model 3 Performance,2000000,1000000,400000,120000
구리시,테슬라코리아,Model 3 Premium Long Range RWD,4200000,2100000,840000,250000
구리시,테슬라코리아,Model 3 Premium Long Range RWD(5999만원),2100000,1050000,420000,130000
구리시,테슬라코리아,Model 3 RWD,1680000,840000,340000,100000
구리시,테슬라코리아,Model 3 RWD(2025),1680000,840000,340000,100000
구리시,테슬라코리아,Model Y L AWD,2150000,1050000,430000,130000
구리시,테슬라코리아,Model Y Long Range(2025),2100000,1050000,420000,130000
구리시,테슬라코리아,Model Y Premium Long Range,2100000,1050000,420000,130000
구리시,테슬라코리아,Model Y Premium RWD,1700000,850000,340000,100000
구리시,테슬라코리아,Model Y RWD(2025),1700000,850000,340000,100000
구리시,폭스바겐그룹코리아,ID.4 Pro,4320000,2160000,860000,260000
구리시,폭스바겐그룹코리아,Q4 45 e-tron,2060000,1030000,410000,120000
구리시,폭스바겐그룹코리아,Q4 Sportback 45 e-tron,2060000,1030000,410000,120000
구리시,폭스바겐그룹코리아,(단종)Q6 e-tron performance,2200000,1100000,440000,130000
구리시,폭스바겐그룹코리아,iD.5 Pro,4730000,2360000,950000,290000
구리시,폴스타오토모티브코리아,Polestar 4 Coupe Dual Motor,1680000,840000,340000,100000
구리시,폴스타오토모티브코리아,Polestar 4 Coupe Rear Motor,1810000,900000,360000,110000
구리시,현대자동차,ELECTRIFIED G80,2700000,1350000,540000,160000
구리시,현대자동차,ELECTRIFIED GV70 AWD 19인치,2610000,1300000,520000,160000
구리시,현대자동차,ELECTRIFIED GV70 AWD 20인치,2450000,1220000,490000,150000
구리시,현대자동차,GV60 스탠다드 2WD 19인치,2850000,1420000,570000,170000
구리시,현대자동차,GV60 스탠다드 AWD 19인치,2720000,1360000,540000,160000
구리시,현대자동차,GV60 스탠다드 AWD 20인치,2610000,1300000,520000,160000
구리시,현대자동차,더 뉴 아이오닉5 2WD 롱레인지 19인치,5640000,2820000,1000000,300000
구리시,현대자동차,더 뉴 아이오닉5 2WD 롱레인지 19인치 빌트인 캠 미적용,5670000,2830000,1000000,300000
구리시,현대자동차,더 뉴 아이오닉5 2WD 롱레인지 20인치,5590000,2790000,1000000,300000
구리시,현대자동차,더 뉴 아이오닉5 2WD 롱레인지 N라인 20인치,5410000,2700000,1000000,300000
구리시,현대자동차,더 뉴 아이오닉5 2WD 스탠다드 19인치,4830000,2410000,970000,290000
구리시,현대자동차,더 뉴 아이오닉5 AWD 롱레인지 19인치,5580000,2790000,1000000,300000
구리시,현대자동차,더 뉴 아이오닉5 AWD 롱레인지 20인치,5320000,2660000,1000000,300000
구리시,현대자동차,더 뉴 아이오닉5 AWD 롱레인지 N라인 20인치,5100000,2550000,1000000,300000
구리시,현대자동차,더 뉴 아이오닉6 2WD 롱레인지 18인치,5700000,2850000,1000000,300000
구리시,현대자동차,더 뉴 아이오닉6 2WD 롱레인지 20인치,5700000,2850000,1000000,300000
구리시,현대자동차,더 뉴 아이오닉6 2WD 롱레인지 N라인 20인치,5700000,2850000,1000000,300000
구리시,현대자동차,더 뉴 아이오닉6 2WD 스탠다드 18인치,5600000,2800000,1000000,300000
구리시,현대자동차,더 뉴 아이오닉6 AWD 롱레인지 18인치,5700000,2850000,1000000,300000
구리시,현대자동차,더 뉴 아이오닉6 AWD 롱레인지 20인치,5530000,2760000,1000000,300000
구리시,현대자동차,더 뉴 아이오닉6 AWD 롱레인지 N라인 20인치,5370000,2680000,1000000,300000
구리시,현대자동차,스타리아 라운지 일렉트릭 7인승,2290000,1140000,460000,140000
구리시,현대자동차,스타리아 리무진 일렉트릭 6인승,2290000,1140000,460000,140000
구리시,현대자동차,아이오닉6 N,2500000,1250000,500000,150000
구리시,현대자동차,아이오닉9 성능형 AWD,2720000,1360000,540000,160000
구리시,현대자동차,아이오닉9 항속형 2WD,2740000,1370000,550000,170000
구리시,현대자동차,아이오닉9 항속형 AWD,2710000,1350000,540000,160000
구리시,현대자동차,캐스퍼 일렉트릭 기본형 15인치,4900000,2450000,980000,290000
구리시,현대자동차,캐스퍼 일렉트릭 크로스 17인치,4870000,2430000,970000,290000
구리시,현대자동차,캐스퍼 일렉트릭 항속형 15인치,4900000,2450000,980000,290000
구리시,현대자동차,캐스퍼 일렉트릭 항속형 17인치(라운지포함),4900000,2450000,980000,290000
구리시,현대자동차,코나 일렉트릭 2WD 롱레인지 17인치,5140000,2570000,1000000,300000
구리시,현대자동차,코나 일렉트릭 2WD 롱레인지 17인치 빌트인 캠 미적용,5140000,2570000,1000000,300000
구리시,현대자동차,코나 일렉트릭 2WD 롱레인지 19인치,4590000,2290000,920000,280000
구리시,현대자동차,코나 일렉트릭 2WD 스탠다드 17인치,4370000,2180000,870000,260000
남양주시,BMW,MINI Aceman E,4000000,1200000,800000,240000
남양주시,BMW,MINI Aceman SE,4000000,1200000,800000,240000
남양주시,BMW,MINI Cooper SE,3960000,1180000,790000,240000
남양주시,BMW,MINI Countryman E,2170000,650000,430000,130000
남양주시,BMW,MINI Countryman SE ALL4,2030000,600000,410000,120000
남양주시,BMW,MINI JCW Aceman E,1970000,590000,390000,120000
남양주시,BMW,MINI JCW E,1910000,570000,380000,110000
남양주시,BMW,i4 M60 LCI (71HD),2330000,690000,470000,140000
남양주시,BMW,i4 eDrive 40 LCI(21HD),2440000,730000,490000,150000
남양주시,BMW,i4 eDrive 40 LCI(61HD),2560000,760000,510000,150000
남양주시,BMW,i5 eDrive 40,2620000,780000,520000,160000
남양주시,BMW,iX1 eDrive20,2120000,630000,420000,130000
남양주시,BMW,iX1 eDrive20(11HM),2350000,700000,470000,140000
남양주시,BMW,iX1 xDrive30,1920000,570000,380000,110000
남양주시,BMW,iX2 eDrive20,2140000,640000,430000,130000
남양주시,BMW,iX2 eDrive20(71GN),2390000,710000,480000,140000
남양주시,BMW,iX3 50 xDrive,2750000,820000,550000,170000
남양주시,기아,EV3 GT,2480000,740000,500000,150000
남양주시,기아,EV3 롱레인지 2WD 17인치,5550000,1660000,1000000,300000
남양주시,기아,EV3 롱레인지 2WD 19인치,5550000,1660000,1000000,300000
남양주시,기아,EV3 롱레인지 4WD 19인치,5390000,1610000,1000000,300000
남양주시,기아,EV3 스탠다드 2WD,4690000,1400000,940000,280000
남양주시,기아,EV4 GT,2550000,760000,510000,150000
남양주시,기아,EV4 롱레인지 2WD 17인치,5550000,1660000,1000000,300000
남양주시,기아,EV4 롱레인지 2WD 19인치,5550000,1660000,1000000,300000
남양주시,기아,EV4 롱레인지 4WD 19인치,5540000,1660000,1000000,300000
남양주시,기아,EV4 롱레인지 GTL 2WD 19인치,5550000,1660000,1000000,300000
남양주시,기아,EV4 스탠다드 2WD 17인치,5120000,1530000,1000000,300000
남양주시,기아,EV4 스탠다드 2WD 19인치,4810000,1440000,960000,290000
남양주시,기아,EV5 GT,2320000,690000,460000,140000
남양주시,기아,EV5 롱레인지 2WD,5520000,1650000,1000000,300000
남양주시,기아,EV5 롱레인지 4WD 18인치,4990000,1490000,1000000,300000
남양주시,기아,EV5 롱레인지 4WD 19인치,4930000,1470000,990000,300000
남양주시,기아,EV9 GT,2450000,730000,490000,150000
남양주시,기아,EV9 롱레인지 2WD 19인치,2700000,810000,540000,160000
남양주시,기아,EV9 롱레인지 2WD 20인치,2680000,800000,540000,160000
남양주시,기아,EV9 롱레인지 4WD 19인치,2540000,760000,510000,150000
남양주시,기아,EV9 롱레인지 4WD 21인치,2600000,780000,520000,160000
남양주시,기아,EV9 롱레인지 GTL 4WD 21인치,2520000,750000,500000,150000
남양주시,기아,EV9 스탠다드,2370000,710000,470000,140000
남양주시,기아,PV5 패신저 5인승 롱레인지,4580000,1370000,920000,280000
남양주시,기아,Pv5 WAV(비용 미지원),6480000,1940000,1000000,300000
남양주시,기아,Pv5 WAV(비용 지원),4480000,1340000,900000,270000
남양주시,기아,(단종)The all-new Kia Niro EV,4890000,1460000,980000,290000
남양주시,기아,더뉴EV6 롱레인지 2WD 19인치,5700000,1710000,1000000,300000
남양주시,기아,더뉴EV6 롱레인지 2WD 20인치,5590000,1670000,1000000,300000
남양주시,기아,더뉴EV6 롱레인지 4WD 19인치,5610000,1680000,1000000,300000
남양주시,기아,더뉴EV6 롱레인지 4WD 20인치,5320000,1590000,1000000,300000
남양주시,기아,더뉴EV6 스탠다드,5010000,1500000,1000000,300000
남양주시,기아,레이 EV 2WD 14인치 1인승 밴,4570000,1370000,910000,270000
남양주시,기아,레이 EV 2WD 14인치 2인승 밴,4570000,1370000,910000,270000
남양주시,기아,레이 EV 2WD 14인치 4인승 승용,4570000,1370000,910000,270000
남양주시,메르세데스벤츠코리아,EQA 250(Facelift),1900000,570000,380000,110000
남양주시,메르세데스벤츠코리아,EQB 300 4MATIC(Facelift),1540000,460000,310000,90000
남양주시,메르세데스벤츠코리아,EQB 300 4MATIC(Facelift)(CY25/2),1620000,480000,320000,100000
남양주시,볼보자동차코리아,볼보 EX30 Single Motor ER,2470000,740000,490000,150000
남양주시,볼보자동차코리아,볼보 EX30CC Twin Motor Perf,2220000,660000,440000,130000
남양주시,비와이디코리아,(단종)BYD ATTO 3,1260000,370000,250000,80000
남양주시,비와이디코리아,(단종)BYD DOLPHIN,1090000,320000,220000,70000
남양주시,비와이디코리아,(단종)BYD DOLPHIN Active,1320000,390000,260000,80000
남양주시,비와이디코리아,(단종)BYD SEAL,1690000,500000,340000,100000
남양주시,비와이디코리아,(단종)BYD SEAL Dynamic AWD,1510000,450000,300000,90000
남양주시,비와이디코리아,(단종)BYD SEALION 7,1520000,450000,300000,90000
남양주시,케이지모빌리티,토레스 EVX 18인치,3540000,1060000,710000,210000
남양주시,케이지모빌리티,토레스 EVX 18인치(2026),3610000,1080000,720000,220000
남양주시,케이지모빌리티,토레스 EVX 20인치,3440000,1030000,690000,210000
남양주시,케이지모빌리티,토레스 EVX 20인치(2026),3540000,1060000,710000,210000
남양주시,케이지모빌리티,(단종)토레스 EVX 2WD 18인치,3270000,980000,650000,200000
남양주시,케이지모빌리티,(단종)토레스 EVX 2WD 20인치,3120000,930000,620000,190000
남양주시,테슬라코리아,Model 3 Performance,2000000,600000,400000,120000
남양주시,테슬라코리아,Model 3 Premium Long Range RWD,4200000,1260000,840000,250000
남양주시,테슬라코리아,Model 3 Premium Long Range RWD(5999만원),2100000,630000,420000,130000
남양주시,테슬라코리아,Model 3 RWD,1680000,500000,340000,100000
남양주시,테슬라코리아,Model 3 RWD(2025),1680000,500000,340000,100000
남양주시,테슬라코리아,Model Y L AWD,2150000,640000,430000,130000
남양주시,테슬라코리아,Model Y Long Range(2025),2100000,630000,420000,130000
남양주시,테슬라코리아,Model Y Premium Long Range,2100000,630000,420000,130000
남양주시,테슬라코리아,Model Y Premium RWD,1700000,510000,340000,100000
남양주시,테슬라코리아,Model Y RWD(2025),1700000,510000,340000,100000
남양주시,폭스바겐그룹코리아,ID.4 Pro,4320000,1290000,860000,260000
남양주시,폭스바겐그룹코리아,Q4 45 e-tron,2060000,610000,410000,120000
남양주시,폭스바겐그룹코리아,Q4 Sportback 45 e-tron,2060000,610000,410000,120000
남양주시,폭스바겐그룹코리아,(단종)Q6 e-tron performance,2200000,660000,440000,130000
남양주시,폭스바겐그룹코리아,iD.5 Pro,4730000,1410000,950000,290000
남양주시,폴스타오토모티브코리아,Polestar 4 Coupe Dual Motor,1680000,500000,340000,100000
남양주시,폴스타오토모티브코리아,Polestar 4 Coupe Rear Motor,1810000,540000,360000,110000
남양주시,현대자동차,ELECTRIFIED G80,2700000,810000,540000,160000
남양주시,현대자동차,ELECTRIFIED GV70 AWD 19인치,2610000,780000,520000,160000
남양주시,현대자동차,ELECTRIFIED GV70 AWD 20인치,2450000,730000,490000,150000
남양주시,현대자동차,GV60 스탠다드 2WD 19인치,2850000,850000,570000,170000
남양주시,현대자동차,GV60 스탠다드 AWD 19인치,2720000,810000,540000,160000
남양주시,현대자동차,GV60 스탠다드 AWD 20인치,2610000,780000,520000,160000
남양주시,현대자동차,더 뉴 아이오닉5 2WD 롱레인지 19인치,5640000,1690000,1000000,300000
남양주시,현대자동차,더 뉴 아이오닉5 2WD 롱레인지 19인치 빌트인 캠 미적용,5670000,1700000,1000000,300000
남양주시,현대자동차,더 뉴 아이오닉5 2WD 롱레인지 20인치,5590000,1670000,1000000,300000
남양주시,현대자동차,더 뉴 아이오닉5 2WD 롱레인지 N라인 20인치,5410000,1620000,1000000,300000
남양주시,현대자동차,더 뉴 아이오닉5 2WD 스탠다드 19인치,4830000,1440000,970000,290000
남양주시,현대자동차,더 뉴 아이오닉5 AWD 롱레인지 19인치,5580000,1670000,1000000,300000
남양주시,현대자동차,더 뉴 아이오닉5 AWD 롱레인지 20인치,5320000,1590000,1000000,300000
남양주시,현대자동차,더 뉴 아이오닉5 AWD 롱레인지 N라인 20인치,5100000,1530000,1000000,300000
남양주시,현대자동차,더 뉴 아이오닉6 2WD 롱레인지 18인치,5700000,1710000,1000000,300000
남양주시,현대자동차,더 뉴 아이오닉6 2WD 롱레인지 20인치,5700000,1710000,1000000,300000
남양주시,현대자동차,더 뉴 아이오닉6 2WD 롱레인지 N라인 20인치,5700000,1710000,1000000,300000
남양주시,현대자동차,더 뉴 아이오닉6 2WD 스탠다드 18인치,5600000,1680000,1000000,300000
남양주시,현대자동차,더 뉴 아이오닉6 AWD 롱레인지 18인치,5700000,1710000,1000000,300000
남양주시,현대자동차,더 뉴 아이오닉6 AWD 롱레인지 20인치,5530000,1650000,1000000,300000
남양주시,현대자동차,더 뉴 아이오닉6 AWD 롱레인지 N라인 20인치,5370000,1610000,1000000,300000
남양주시,현대자동차,스타리아 라운지 일렉트릭 7인승,2290000,680000,460000,140000
남양주시,현대자동차,스타리아 리무진 일렉트릭 6인승,2290000,680000,460000,140000
남양주시,현대자동차,아이오닉6 N,2500000,750000,500000,150000
남양주시,현대자동차,아이오닉9 성능형 AWD,2720000,810000,540000,160000
남양주시,현대자동차,아이오닉9 항속형 2WD,2740000,820000,550000,170000
남양주시,현대자동차,아이오닉9 항속형 AWD,2710000,810000,540000,160000
남양주시,현대자동차,캐스퍼 일렉트릭 기본형 15인치,4900000,1470000,980000,290000
남양주시,현대자동차,캐스퍼 일렉트릭 크로스 17인치,4870000,1460000,970000,290000
남양주시,현대자동차,캐스퍼 일렉트릭 항속형 15인치,4900000,1470000,980000,290000
남양주시,현대자동차,캐스퍼 일렉트릭 항속형 17인치(라운지포함),4900000,1470000,980000,290000
남양주시,현대자동차,코나 일렉트릭 2WD 롱레인지 17인치,5140000,1540000,1000000,300000
남양주시,현대자동차,코나 일렉트릭 2WD 롱레인지 17인치 빌트인 캠 미적용,5140000,1540000,1000000,300000
남양주시,현대자동차,코나 일렉트릭 2WD 롱레인지 19인치,4590000,1370000,920000,280000
남양주시,현대자동차,코나 일렉트릭 2WD 스탠다드 17인치,4370000,1310000,870000,260000
오산시,BMW,MINI Aceman E,4000000,1860000,800000,240000
오산시,BMW,MINI Aceman SE,4000000,1860000,800000,240000
오산시,BMW,MINI Cooper SE,3960000,1840000,790000,240000
오산시,BMW,MINI Countryman E,2170000,1010000,430000,130000
오산시,BMW,MINI Countryman SE ALL4,2030000,940000,410000,120000
오산시,BMW,MINI JCW Aceman E,1970000,910000,390000,120000
오산시,BMW,MINI JCW E,1910000,890000,380000,110000
오산시,BMW,i4 M60 LCI (71HD),2330000,1080000,470000,140000
오산시,BMW,i4 eDrive 40 LCI(21HD),2440000,1130000,490000,150000
오산시,BMW,i4 eDrive 40 LCI(61HD),2560000,1190000,510000,150000
오산시,BMW,i5 eDrive 40,2620000,1220000,520000,160000
오산시,BMW,iX1 eDrive20,2120000,980000,420000,130000
오산시,BMW,iX1 eDrive20(11HM),2350000,1090000,470000,140000
오산시,BMW,iX1 xDrive30,1920000,890000,380000,110000
오산시,BMW,iX2 eDrive20,2140000,990000,430000,130000
오산시,BMW,iX2 eDrive20(71GN),2390000,1110000,480000,140000
오산시,BMW,iX3 50 xDrive,2750000,1280000,550000,170000
오산시,기아,EV3 GT,2480000,1150000,500000,150000
오산시,기아,EV3 롱레인지 2WD 17인치,5550000,2590000,1000000,300000
오산시,기아,EV3 롱레인지 2WD 19인치,5550000,2590000,1000000,300000
오산시,기아,EV3 롱레인지 4WD 19인치,5390000,2510000,1000000,300000
오산시,기아,EV3 스탠다드 2WD,4690000,2180000,940000,280000
오산시,기아,EV4 GT,2550000,1190000,510000,150000
오산시,기아,EV4 롱레인지 2WD 17인치,5550000,2590000,1000000,300000
오산시,기아,EV4 롱레인지 2WD 19인치,5550000,2590000,1000000,300000
오산시,기아,EV4 롱레인지 4WD 19인치,5540000,2580000,1000000,300000
오산시,기아,EV4 롱레인지 GTL 2WD 19인치,5550000,2590000,1000000,300000
오산시,기아,EV4 스탠다드 2WD 17인치,5120000,2380000,1000000,300000
오산시,기아,EV4 스탠다드 2WD 19인치,4810000,2240000,960000,290000
오산시,기아,EV5 GT,2320000,1080000,460000,140000
오산시,기아,EV5 롱레인지 2WD,5520000,2570000,1000000,300000
오산시,기아,EV5 롱레인지 4WD 18인치,4990000,2320000,1000000,300000
오산시,기아,EV5 롱레인지 4WD 19인치,4930000,2300000,990000,300000
오산시,기아,EV9 GT,2450000,1140000,490000,150000
오산시,기아,EV9 롱레인지 2WD 19인치,2700000,1260000,540000,160000
오산시,기아,EV9 롱레인지 2WD 20인치,2680000,1250000,540000,160000
오산시,기아,EV9 롱레인지 4WD 19인치,2540000,1180000,510000,150000
오산시,기아,EV9 롱레인지 4WD 21인치,2600000,1210000,520000,160000
오산시,기아,EV9 롱레인지 GTL 4WD 21인치,2520000,1170000,500000,150000
오산시,기아,EV9 스탠다드,2370000,1100000,470000,140000
오산시,기아,PV5 패신저 5인승 롱레인지,4580000,2130000,920000,280000
오산시,기아,Pv5 WAV(비용 미지원),6480000,3020000,1000000,300000
오산시,기아,Pv5 WAV(비용 지원),4480000,2090000,900000,270000
오산시,기아,(단종)The all-new Kia Niro EV,4890000,2280000,980000,290000
오산시,기아,더뉴EV6 롱레인지 2WD 19인치,5700000,2660000,1000000,300000
오산시,기아,더뉴EV6 롱레인지 2WD 20인치,5590000,2600000,1000000,300000
오산시,기아,더뉴EV6 롱레인지 4WD 19인치,5610000,2610000,1000000,300000
오산시,기아,더뉴EV6 롱레인지 4WD 20인치,5320000,2480000,1000000,300000
오산시,기아,더뉴EV6 스탠다드,5010000,2330000,1000000,300000
오산시,기아,레이 EV 2WD 14인치 1인승 밴,4570000,2130000,910000,270000
오산시,기아,레이 EV 2WD 14인치 2인승 밴,4570000,2130000,910000,270000
오산시,기아,레이 EV 2WD 14인치 4인승 승용,4570000,2130000,910000,270000
오산시,메르세데스벤츠코리아,EQA 250(Facelift),1900000,880000,380000,110000
오산시,메르세데스벤츠코리아,EQB 300 4MATIC(Facelift),1540000,710000,310000,90000
오산시,메르세데스벤츠코리아,EQB 300 4MATIC(Facelift)(CY25/2),1620000,750000,320000,100000
오산시,볼보자동차코리아,볼보 EX30 Single Motor ER,2470000,1150000,490000,150000
오산시,볼보자동차코리아,볼보 EX30CC Twin Motor Perf,2220000,1030000,440000,130000
오산시,비와이디코리아,(단종)BYD ATTO 3,1260000,580000,250000,80000
오산시,비와이디코리아,(단종)BYD DOLPHIN,1090000,500000,220000,70000
오산시,비와이디코리아,(단종)BYD DOLPHIN Active,1320000,610000,260000,80000
오산시,비와이디코리아,(단종)BYD SEAL,1690000,780000,340000,100000
오산시,비와이디코리아,(단종)BYD SEAL Dynamic AWD,1510000,700000,300000,90000
오산시,비와이디코리아,(단종)BYD SEALION 7,1520000,700000,300000,90000
오산시,케이지모빌리티,토레스 EVX 18인치,3540000,1650000,710000,210000
오산시,케이지모빌리티,토레스 EVX 18인치(2026),3610000,1680000,720000,220000
오산시,케이지모빌리티,토레스 EVX 20인치,3440000,1600000,690000,210000
오산시,케이지모빌리티,토레스 EVX 20인치(2026),3540000,1650000,710000,210000
오산시,케이지모빌리티,(단종)토레스 EVX 2WD 18인치,3270000,1520000,650000,200000
오산시,케이지모빌리티,(단종)토레스 EVX 2WD 20인치,3120000,1450000,620000,190000
오산시,테슬라코리아,Model 3 Performance,2000000,930000,400000,120000
오산시,테슬라코리아,Model 3 Premium Long Range RWD,4200000,1960000,840000,250000
오산시,테슬라코리아,Model 3 Premium Long Range RWD(5999만원),2100000,980000,420000,130000
오산시,테슬라코리아,Model 3 RWD,1680000,780000,340000,100000
오산시,테슬라코리아,Model 3 RWD(2025),1680000,780000,340000,100000
오산시,테슬라코리아,Model Y L AWD,2150000,1000000,430000,130000
오산시,테슬라코리아,Model Y Long Range(2025),2100000,980000,420000,130000
오산시,테슬라코리아,Model Y Premium Long Range,2100000,980000,420000,130000
오산시,테슬라코리아,Model Y Premium RWD,1700000,790000,340000,100000
오산시,테슬라코리아,Model Y RWD(2025),1700000,790000,340000,100000
오산시,폭스바겐그룹코리아,ID.4 Pro,4320000,2010000,860000,260000
오산시,폭스바겐그룹코리아,Q4 45 e-tron,2060000,960000,410000,120000
오산시,폭스바겐그룹코리아,Q4 Sportback 45 e-tron,2060000,960000,410000,120000
오산시,폭스바겐그룹코리아,(단종)Q6 e-tron performance,2200000,1020000,440000,130000
오산시,폭스바겐그룹코리아,iD.5 Pro,4730000,2200000,950000,290000
오산시,폴스타오토모티브코리아,Polestar 4 Coupe Dual Motor,1680000,780000,340000,100000
오산시,폴스타오토모티브코리아,Polestar 4 Coupe Rear Motor,1810000,840000,360000,110000
오산시,현대자동차,ELECTRIFIED G80,2700000,1260000,540000,160000
오산시,현대자동차,ELECTRIFIED GV70 AWD 19인치,2610000,1210000,520000,160000
오산시,현대자동차,ELECTRIFIED GV70 AWD 20인치,2450000,1140000,490000,150000
오산시,현대자동차,GV60 스탠다드 2WD 19인치,2850000,1330000,570000,170000
오산시,현대자동차,GV60 스탠다드 AWD 19인치,2720000,1260000,540000,160000
오산시,현대자동차,GV60 스탠다드 AWD 20인치,2610000,1210000,520000,160000
오산시,현대자동차,더 뉴 아이오닉5 2WD 롱레인지 19인치,5640000,2630000,1000000,300000
오산시,현대자동차,더 뉴 아이오닉5 2WD 롱레인지 19인치 빌트인 캠 미적용,5670000,2640000,1000000,300000
오산시,현대자동차,더 뉴 아이오닉5 2WD 롱레인지 20인치,5590000,2600000,1000000,300000
오산시,현대자동차,더 뉴 아이오닉5 2WD 롱레인지 N라인 20인치,5410000,2520000,1000000,300000
오산시,현대자동차,더 뉴 아이오닉5 2WD 스탠다드 19인치,4830000,2250000,970000,290000
오산시,현대자동차,더 뉴 아이오닉5 AWD 롱레인지 19인치,5580000,2600000,1000000,300000
오산시,현대자동차,더 뉴 아이오닉5 AWD 롱레인지 20인치,5320000,2480000,1000000,300000
오산시,현대자동차,더 뉴 아이오닉5 AWD 롱레인지 N라인 20인치,5100000,2380000,1000000,300000
오산시,현대자동차,더 뉴 아이오닉6 2WD 롱레인지 18인치,5700000,2660000,1000000,300000
오산시,현대자동차,더 뉴 아이오닉6 2WD 롱레인지 20인치,5700000,2660000,1000000,300000
오산시,현대자동차,더 뉴 아이오닉6 2WD 롱레인지 N라인 20인치,5700000,2660000,1000000,300000
오산시,현대자동차,더 뉴 아이오닉6 2WD 스탠다드 18인치,5600000,2610000,1000000,300000
오산시,현대자동차,더 뉴 아이오닉6 AWD 롱레인지 18인치,5700000,2660000,1000000,300000
오산시,현대자동차,더 뉴 아이오닉6 AWD 롱레인지 20인치,5530000,2580000,1000000,300000
오산시,현대자동차,더 뉴 아이오닉6 AWD 롱레인지 N라인 20인치,5370000,2500000,1000000,300000
오산시,현대자동차,스타리아 라운지 일렉트릭 7인승,2290000,1060000,460000,140000
오산시,현대자동차,스타리아 리무진 일렉트릭 6인승,2290000,1060000,460000,140000
오산시,현대자동차,아이오닉6 N,2500000,1160000,500000,150000
오산시,현대자동차,아이오닉9 성능형 AWD,2720000,1260000,540000,160000
오산시,현대자동차,아이오닉9 항속형 2WD,2740000,1270000,550000,170000
오산시,현대자동차,아이오닉9 항속형 AWD,2710000,1260000,540000,160000
오산시,현대자동차,캐스퍼 일렉트릭 기본형 15인치,4900000,2280000,980000,290000
오산시,현대자동차,캐스퍼 일렉트릭 크로스 17인치,4870000,2270000,970000,290000
오산시,현대자동차,캐스퍼 일렉트릭 항속형 15인치,4900000,2280000,980000,290000
오산시,현대자동차,캐스퍼 일렉트릭 항속형 17인치(라운지포함),4900000,2280000,980000,290000
오산시,현대자동차,코나 일렉트릭 2WD 롱레인지 17인치,5140000,2390000,1000000,300000
오산시,현대자동차,코나 일렉트릭 2WD 롱레인지 17인치 빌트인 캠 미적용,5140000,2390000,1000000,300000
오산시,현대자동차,코나 일렉트릭 2WD 롱레인지 19인치,4590000,2140000,920000,280000
오산시,현대자동차,코나 일렉트릭 2WD 스탠다드 17인치,4370000,2030000,870000,260000
시흥시,BMW,MINI Aceman E,4000000,1600000,800000,240000
시흥시,BMW,MINI Aceman SE,4000000,1600000,800000,240000
시흥시,BMW,MINI Cooper SE,3960000,1580000,790000,240000
시흥시,BMW,MINI Countryman E,2170000,860000,430000,130000
시흥시,BMW,MINI Countryman SE ALL4,2030000,810000,410000,120000
시흥시,BMW,MINI JCW Aceman E,1970000,780000,390000,120000
시흥시,BMW,MINI JCW E,1910000,760000,380000,110000
시흥시,BMW,i4 M60 LCI (71HD),2330000,930000,470000,140000
시흥시,BMW,i4 eDrive 40 LCI(21HD),2440000,970000,490000,150000
시흥시,BMW,i4 eDrive 40 LCI(61HD),2560000,1020000,510000,150000
시흥시,BMW,i5 eDrive 40,2620000,1040000,520000,160000
시흥시,BMW,iX1 eDrive20,2120000,840000,420000,130000
시흥시,BMW,iX1 eDrive20(11HM),2350000,940000,470000,140000
시흥시,BMW,iX1 xDrive30,1920000,760000,380000,110000
시흥시,BMW,iX2 eDrive20,2140000,850000,430000,130000
시흥시,BMW,iX2 eDrive20(71GN),2390000,950000,480000,140000
시흥시,BMW,iX3 50 xDrive,2750000,1100000,550000,170000
시흥시,기아,EV3 GT,2480000,990000,500000,150000
시흥시,기아,EV3 롱레인지 2WD 17인치,5550000,2220000,1000000,300000
시흥시,기아,EV3 롱레인지 2WD 19인치,5550000,2220000,1000000,300000
시흥시,기아,EV3 롱레인지 4WD 19인치,5390000,2150000,1000000,300000
시흥시,기아,EV3 스탠다드 2WD,4690000,1870000,940000,280000
시흥시,기아,EV4 GT,2550000,1020000,510000,150000
시흥시,기아,EV4 롱레인지 2WD 17인치,5550000,2220000,1000000,300000
시흥시,기아,EV4 롱레인지 2WD 19인치,5550000,2220000,1000000,300000
시흥시,기아,EV4 롱레인지 4WD 19인치,5540000,2210000,1000000,300000
시흥시,기아,EV4 롱레인지 GTL 2WD 19인치,5550000,2220000,1000000,300000
시흥시,기아,EV4 스탠다드 2WD 17인치,5120000,2040000,1000000,300000
시흥시,기아,EV4 스탠다드 2WD 19인치,4810000,1920000,960000,290000
시흥시,기아,EV5 GT,2320000,920000,460000,140000
시흥시,기아,EV5 롱레인지 2WD,5520000,2200000,1000000,300000
시흥시,기아,EV5 롱레인지 4WD 18인치,4990000,1990000,1000000,300000
시흥시,기아,EV5 롱레인지 4WD 19인치,4930000,1970000,990000,300000
시흥시,기아,EV9 GT,2450000,980000,490000,150000
시흥시,기아,EV9 롱레인지 2WD 19인치,2700000,1080000,540000,160000
시흥시,기아,EV9 롱레인지 2WD 20인치,2680000,1070000,540000,160000
시흥시,기아,EV9 롱레인지 4WD 19인치,2540000,1010000,510000,150000
시흥시,기아,EV9 롱레인지 4WD 21인치,2600000,1040000,520000,160000
시흥시,기아,EV9 롱레인지 GTL 4WD 21인치,2520000,1000000,500000,150000
시흥시,기아,EV9 스탠다드,2370000,940000,470000,140000
시흥시,기아,PV5 패신저 5인승 롱레인지,4580000,1830000,920000,280000
시흥시,기아,Pv5 WAV(비용 미지원),6480000,2590000,1000000,300000
시흥시,기아,Pv5 WAV(비용 지원),4480000,1790000,900000,270000
시흥시,기아,(단종)The all-new Kia Niro EV,4890000,1950000,980000,290000
시흥시,기아,더뉴EV6 롱레인지 2WD 19인치,5700000,2280000,1000000,300000
시흥시,기아,더뉴EV6 롱레인지 2WD 20인치,5590000,2230000,1000000,300000
시흥시,기아,더뉴EV6 롱레인지 4WD 19인치,5610000,2240000,1000000,300000
시흥시,기아,더뉴EV6 롱레인지 4WD 20인치,5320000,2120000,1000000,300000
시흥시,기아,더뉴EV6 스탠다드,5010000,2000000,1000000,300000
시흥시,기아,레이 EV 2WD 14인치 1인승 밴,4570000,1820000,910000,270000
시흥시,기아,레이 EV 2WD 14인치 2인승 밴,4570000,1820000,910000,270000
시흥시,기아,레이 EV 2WD 14인치 4인승 승용,4570000,1820000,910000,270000
시흥시,메르세데스벤츠코리아,EQA 250(Facelift),1900000,760000,380000,110000
시흥시,메르세데스벤츠코리아,EQB 300 4MATIC(Facelift),1540000,610000,310000,90000
시흥시,메르세데스벤츠코리아,EQB 300 4MATIC(Facelift)(CY25/2),1620000,640000,320000,100000
시흥시,볼보자동차코리아,볼보 EX30 Single Motor ER,2470000,980000,490000,150000
시흥시,볼보자동차코리아,볼보 EX30CC Twin Motor Perf,2220000,880000,440000,130000
시흥시,비와이디코리아,(단종)BYD ATTO 3,1260000,500000,250000,80000
시흥시,비와이디코리아,(단종)BYD DOLPHIN,1090000,430000,220000,70000
시흥시,비와이디코리아,(단종)BYD DOLPHIN Active,1320000,520000,260000,80000
시흥시,비와이디코리아,(단종)BYD SEAL,1690000,670000,340000,100000
시흥시,비와이디코리아,(단종)BYD SEAL Dynamic AWD,1510000,600000,300000,90000
시흥시,비와이디코리아,(단종)BYD SEALION 7,1520000,600000,300000,90000
시흥시,케이지모빌리티,토레스 EVX 18인치,3540000,1410000,710000,210000
시흥시,케이지모빌리티,토레스 EVX 18인치(2026),3610000,1440000,720000,220000
시흥시,케이지모빌리티,토레스 EVX 20인치,3440000,1370000,690000,210000
시흥시,케이지모빌리티,토레스 EVX 20인치(2026),3540000,1410000,710000,210000
시흥시,케이지모빌리티,(단종)토레스 EVX 2WD 18인치,3270000,1300000,650000,200000
시흥시,케이지모빌리티,(단종)토레스 EVX 2WD 20인치,3120000,1240000,620000,190000
시흥시,테슬라코리아,Model 3 Performance,2000000,800000,400000,120000
시흥시,테슬라코리아,Model 3 Premium Long Range RWD,4200000,1680000,840000,250000
시흥시,테슬라코리아,Model 3 Premium Long Range RWD(5999만원),2100000,840000,420000,130000
시흥시,테슬라코리아,Model 3 RWD,1680000,670000,340000,100000
시흥시,테슬라코리아,Model 3 RWD(2025),1680000,670000,340000,100000
시흥시,테슬라코리아,Model Y L AWD,2150000,840000,430000,130000
시흥시,테슬라코리아,Model Y Long Range(2025),2100000,840000,420000,130000
시흥시,테슬라코리아,Model Y Premium Long Range,2100000,840000,420000,130000
시흥시,테슬라코리아,Model Y Premium RWD,1700000,680000,340000,100000
시흥시,테슬라코리아,Model Y RWD(2025),1700000,680000,340000,100000
시흥시,폭스바겐그룹코리아,ID.4 Pro,4320000,1720000,860000,260000
시흥시,폭스바겐그룹코리아,Q4 45 e-tron,2060000,820000,410000,120000
시흥시,폭스바겐그룹코리아,Q4 Sportback 45 e-tron,2060000,820000,410000,120000
시흥시,폭스바겐그룹코리아,(단종)Q6 e-tron performance,2200000,880000,440000,130000
시흥시,폭스바겐그룹코리아,iD.5 Pro,4730000,1890000,950000,290000
시흥시,폴스타오토모티브코리아,Polestar 4 Coupe Dual Motor,1680000,670000,340000,100000
시흥시,폴스타오토모티브코리아,Polestar 4 Coupe Rear Motor,1810000,720000,360000,110000
시흥시,현대자동차,ELECTRIFIED G80,2700000,1080000,540000,160000
시흥시,현대자동차,ELECTRIFIED GV70 AWD 19인치,2610000,1040000,520000,160000
시흥시,현대자동차,ELECTRIFIED GV70 AWD 20인치,2450000,980000,490000,150000
시흥시,현대자동차,GV60 스탠다드 2WD 19인치,2850000,1140000,570000,170000
시흥시,현대자동차,GV60 스탠다드 AWD 19인치,2720000,1080000,540000,160000
시흥시,현대자동차,GV60 스탠다드 AWD 20인치,2610000,1040000,520000,160000
시흥시,현대자동차,더 뉴 아이오닉5 2WD 롱레인지 19인치,5640000,2250000,1000000,300000
시흥시,현대자동차,더 뉴 아이오닉5 2WD 롱레인지 19인치 빌트인 캠 미적용,5670000,2260000,1000000,300000
시흥시,현대자동차,더 뉴 아이오닉5 2WD 롱레인지 20인치,5590000,2230000,1000000,300000
시흥시,현대자동차,더 뉴 아이오닉5 2WD 롱레인지 N라인 20인치,5410000,2160000,1000000,300000
시흥시,현대자동차,더 뉴 아이오닉5 2WD 스탠다드 19인치,4830000,1930000,970000,290000
시흥시,현대자동차,더 뉴 아이오닉5 AWD 롱레인지 19인치,5580000,2230000,1000000,300000
시흥시,현대자동차,더 뉴 아이오닉5 AWD 롱레인지 20인치,5320000,2120000,1000000,300000
시흥시,현대자동차,더 뉴 아이오닉5 AWD 롱레인지 N라인 20인치,5100000,2040000,1000000,300000
시흥시,현대자동차,더 뉴 아이오닉6 2WD 롱레인지 18인치,5700000,2280000,1000000,300000
시흥시,현대자동차,더 뉴 아이오닉6 2WD 롱레인지 20인치,5700000,2280000,1000000,300000
시흥시,현대자동차,더 뉴 아이오닉6 2WD 롱레인지 N라인 20인치,5700000,2280000,1000000,300000
시흥시,현대자동차,더 뉴 아이오닉6 2WD 스탠다드 18인치,5600000,2240000,1000000,300000
시흥시,현대자동차,더 뉴 아이오닉6 AWD 롱레인지 18인치,5700000,2280000,1000000,300000
시흥시,현대자동차,더 뉴 아이오닉6 AWD 롱레인지 20인치,5530000,2210000,1000000,300000
시흥시,현대자동차,더 뉴 아이오닉6 AWD 롱레인지 N라인 20인치,5370000,2140000,1000000,300000
시흥시,현대자동차,스타리아 라운지 일렉트릭 7인승,2290000,910000,460000,140000
시흥시,현대자동차,스타리아 리무진 일렉트릭 6인승,2290000,910000,460000,140000
시흥시,현대자동차,아이오닉6 N,2500000,1000000,500000,150000
시흥시,현대자동차,아이오닉9 성능형 AWD,2720000,1080000,540000,160000
시흥시,현대자동차,아이오닉9 항속형 2WD,2740000,1090000,550000,170000
시흥시,현대자동차,아이오닉9 항속형 AWD,2710000,1080000,540000,160000
시흥시,현대자동차,캐스퍼 일렉트릭 기본형 15인치,4900000,1960000,980000,290000
시흥시,현대자동차,캐스퍼 일렉트릭 크로스 17인치,4870000,1940000,970000,290000
시흥시,현대자동차,캐스퍼 일렉트릭 항속형 15인치,4900000,1960000,980000,290000
시흥시,현대자동차,캐스퍼 일렉트릭 항속형 17인치(라운지포함),4900000,1960000,980000,290000
시흥시,현대자동차,코나 일렉트릭 2WD 롱레인지 17인치,5140000,2050000,1000000,300000
시흥시,현대자동차,코나 일렉트릭 2WD 롱레인지 17인치 빌트인 캠 미적용,5140000,2050000,1000000,300000
시흥시,현대자동차,코나 일렉트릭 2WD 롱레인지 19인치,4590000,1830000,920000,280000
시흥시,현대자동차,코나 일렉트릭 2WD 스탠다드 17인치,4370000,1740000,870000,260000
군포시,BMW,MINI Aceman E,4000000,1930000,800000,240000
군포시,BMW,MINI Aceman SE,4000000,1930000,800000,240000
군포시,BMW,MINI Cooper SE,3960000,1910000,790000,240000
군포시,BMW,MINI Countryman E,2170000,1040000,430000,130000
군포시,BMW,MINI Countryman SE ALL4,2030000,980000,410000,120000
군포시,BMW,MINI JCW Aceman E,1970000,950000,390000,120000
군포시,BMW,MINI JCW E,1910000,920000,380000,110000
군포시,BMW,i4 M60 LCI (71HD),2330000,1120000,470000,140000
군포시,BMW,i4 eDrive 40 LCI(21HD),2440000,1170000,490000,150000
군포시,BMW,i4 eDrive 40 LCI(61HD),2560000,1230000,510000,150000
군포시,BMW,i5 eDrive 40,2620000,1260000,520000,160000
군포시,BMW,iX1 eDrive20,2120000,1020000,420000,130000
군포시,BMW,iX1 eDrive20(11HM),2350000,1130000,470000,140000
군포시,BMW,iX1 xDrive30,1920000,920000,380000,110000
군포시,BMW,iX2 eDrive20,2140000,1030000,430000,130000
군포시,BMW,iX2 eDrive20(71GN),2390000,1150000,480000,140000
군포시,BMW,iX3 50 xDrive,2750000,1320000,550000,170000
군포시,기아,EV3 GT,2480000,1190000,500000,150000
군포시,기아,EV3 롱레인지 2WD 17인치,5550000,2680000,1000000,300000
군포시,기아,EV3 롱레인지 2WD 19인치,5550000,2680000,1000000,300000
군포시,기아,EV3 롱레인지 4WD 19인치,5390000,2600000,1000000,300000
군포시,기아,EV3 스탠다드 2WD,4690000,2260000,940000,280000
군포시,기아,EV4 GT,2550000,1230000,510000,150000
군포시,기아,EV4 롱레인지 2WD 17인치,5550000,2680000,1000000,300000
군포시,기아,EV4 롱레인지 2WD 19인치,5550000,2680000,1000000,300000
군포시,기아,EV4 롱레인지 4WD 19인치,5540000,2670000,1000000,300000
군포시,기아,EV4 롱레인지 GTL 2WD 19인치,5550000,2680000,1000000,300000
군포시,기아,EV4 스탠다드 2WD 17인치,5120000,2470000,1000000,300000
군포시,기아,EV4 스탠다드 2WD 19인치,4810000,2320000,960000,290000
군포시,기아,EV5 GT,2320000,1120000,460000,140000
군포시,기아,EV5 롱레인지 2WD,5520000,2660000,1000000,300000
군포시,기아,EV5 롱레인지 4WD 18인치,4990000,2410000,1000000,300000
군포시,기아,EV5 롱레인지 4WD 19인치,4930000,2380000,990000,300000
군포시,기아,EV9 GT,2450000,1180000,490000,150000
군포시,기아,EV9 롱레인지 2WD 19인치,2700000,1300000,540000,160000
군포시,기아,EV9 롱레인지 2WD 20인치,2680000,1290000,540000,160000
군포시,기아,EV9 롱레인지 4WD 19인치,2540000,1220000,510000,150000
군포시,기아,EV9 롱레인지 4WD 21인치,2600000,1250000,520000,160000
군포시,기아,EV9 롱레인지 GTL 4WD 21인치,2520000,1210000,500000,150000
군포시,기아,EV9 스탠다드,2370000,1140000,470000,140000
군포시,기아,PV5 패신저 5인승 롱레인지,4580000,2210000,920000,280000
군포시,기아,Pv5 WAV(비용 미지원),6480000,3130000,1000000,300000
군포시,기아,Pv5 WAV(비용 지원),4480000,2160000,900000,270000
군포시,기아,(단종)The all-new Kia Niro EV,4890000,2360000,980000,290000
군포시,기아,더뉴EV6 롱레인지 2WD 19인치,5700000,2750000,1000000,300000
군포시,기아,더뉴EV6 롱레인지 2WD 20인치,5590000,2700000,1000000,300000
군포시,기아,더뉴EV6 롱레인지 4WD 19인치,5610000,2710000,1000000,300000
군포시,기아,더뉴EV6 롱레인지 4WD 20인치,5320000,2570000,1000000,300000
군포시,기아,더뉴EV6 스탠다드,5010000,2420000,1000000,300000
군포시,기아,레이 EV 2WD 14인치 1인승 밴,4570000,2200000,910000,270000
군포시,기아,레이 EV 2WD 14인치 2인승 밴,4570000,2200000,910000,270000
군포시,기아,레이 EV 2WD 14인치 4인승 승용,4570000,2200000,910000,270000
군포시,메르세데스벤츠코리아,EQA 250(Facelift),1900000,910000,380000,110000
군포시,메르세데스벤츠코리아,EQB 300 4MATIC(Facelift),1540000,740000,310000,90000
군포시,메르세데스벤츠코리아,EQB 300 4MATIC(Facelift)(CY25/2),1620000,780000,320000,100000
군포시,볼보자동차코리아,볼보 EX30 Single Motor ER,2470000,1190000,490000,150000
군포시,볼보자동차코리아,볼보 EX30CC Twin Motor Perf,2220000,1070000,440000,130000
군포시,비와이디코리아,(단종)BYD ATTO 3,1260000,600000,250000,80000
군포시,비와이디코리아,(단종)BYD DOLPHIN,1090000,520000,220000,70000
군포시,비와이디코리아,(단종)BYD DOLPHIN Active,1320000,630000,260000,80000
군포시,비와이디코리아,(단종)BYD SEAL,1690000,810000,340000,100000
군포시,비와이디코리아,(단종)BYD SEAL Dynamic AWD,1510000,720000,300000,90000
군포시,비와이디코리아,(단종)BYD SEALION 7,1520000,730000,300000,90000
군포시,케이지모빌리티,토레스 EVX 18인치,3540000,1710000,710000,210000
군포시,케이지모빌리티,토레스 EVX 18인치(2026),3610000,1740000,720000,220000
군포시,케이지모빌리티,토레스 EVX 20인치,3440000,1660000,690000,210000
군포시,케이지모빌리티,토레스 EVX 20인치(2026),3540000,1710000,710000,210000
군포시,케이지모빌리티,(단종)토레스 EVX 2WD 18인치,3270000,1580000,650000,200000
군포시,케이지모빌리티,(단종)토레스 EVX 2WD 20인치,3120000,1500000,620000,190000
군포시,테슬라코리아,Model 3 Performance,2000000,960000,400000,120000
군포시,테슬라코리아,Model 3 Premium Long Range RWD,4200000,2030000,840000,250000
군포시,테슬라코리아,Model 3 Premium Long Range RWD(5999만원),2100000,1010000,420000,130000
군포시,테슬라코리아,Model 3 RWD,1680000,810000,340000,100000
군포시,테슬라코리아,Model 3 RWD(2025),1680000,810000,340000,100000
군포시,테슬라코리아,Model Y L AWD,2150000,1030000,430000,130000
군포시,테슬라코리아,Model Y Long Range(2025),2100000,1010000,420000,130000
군포시,테슬라코리아,Model Y Premium Long Range,2100000,1010000,420000,130000
군포시,테슬라코리아,Model Y Premium RWD,1700000,820000,340000,100000
군포시,테슬라코리아,Model Y RWD(2025),1700000,820000,340000,100000
군포시,폭스바겐그룹코리아,ID.4 Pro,4320000,2080000,860000,260000
군포시,폭스바겐그룹코리아,Q4 45 e-tron,2060000,990000,410000,120000
군포시,폭스바겐그룹코리아,Q4 Sportback 45 e-tron,2060000,990000,410000,120000
군포시,폭스바겐그룹코리아,(단종)Q6 e-tron performance,2200000,1060000,440000,130000
군포시,폭스바겐그룹코리아,iD.5 Pro,4730000,2280000,950000,290000
군포시,폴스타오토모티브코리아,Polestar 4 Coupe Dual Motor,1680000,810000,340000,100000
군포시,폴스타오토모티브코리아,Polestar 4 Coupe Rear Motor,1810000,870000,360000,110000
군포시,현대자동차,ELECTRIFIED G80,2700000,1300000,540000,160000
군포시,현대자동차,ELECTRIFIED GV70 AWD 19인치,2610000,1260000,520000,160000
군포시,현대자동차,ELECTRIFIED GV70 AWD 20인치,2450000,1180000,490000,150000
군포시,현대자동차,GV60 스탠다드 2WD 19인치,2850000,1370000,570000,170000
군포시,현대자동차,GV60 스탠다드 AWD 19인치,2720000,1310000,540000,160000
군포시,현대자동차,GV60 스탠다드 AWD 20인치,2610000,1260000,520000,160000
군포시,현대자동차,더 뉴 아이오닉5 2WD 롱레인지 19인치,5640000,2720000,1000000,300000
군포시,현대자동차,더 뉴 아이오닉5 2WD 롱레인지 19인치 빌트인 캠 미적용,5670000,2740000,1000000,300000
군포시,현대자동차,더 뉴 아이오닉5 2WD 롱레인지 20인치,5590000,2700000,1000000,300000
군포시,현대자동차,더 뉴 아이오닉5 2WD 롱레인지 N라인 20인치,5410000,2610000,1000000,300000
군포시,현대자동차,더 뉴 아이오닉5 2WD 스탠다드 19인치,4830000,2330000,970000,290000
군포시,현대자동차,더 뉴 아이오닉5 AWD 롱레인지 19인치,5580000,2690000,1000000,300000
군포시,현대자동차,더 뉴 아이오닉5 AWD 롱레인지 20인치,5320000,2570000,1000000,300000
군포시,현대자동차,더 뉴 아이오닉5 AWD 롱레인지 N라인 20인치,5100000,2460000,1000000,300000
군포시,현대자동차,더 뉴 아이오닉6 2WD 롱레인지 18인치,5700000,2750000,1000000,300000
군포시,현대자동차,더 뉴 아이오닉6 2WD 롱레인지 20인치,5700000,2750000,1000000,300000
군포시,현대자동차,더 뉴 아이오닉6 2WD 롱레인지 N라인 20인치,5700000,2750000,1000000,300000
군포시,현대자동차,더 뉴 아이오닉6 2WD 스탠다드 18인치,5600000,2700000,1000000,300000
군포시,현대자동차,더 뉴 아이오닉6 AWD 롱레인지 18인치,5700000,2750000,1000000,300000
군포시,현대자동차,더 뉴 아이오닉6 AWD 롱레인지 20인치,5530000,2670000,1000000,300000
군포시,현대자동차,더 뉴 아이오닉6 AWD 롱레인지 N라인 20인치,5370000,2590000,1000000,300000
군포시,현대자동차,스타리아 라운지 일렉트릭 7인승,2290000,1100000,460000,140000
군포시,현대자동차,스타리아 리무진 일렉트릭 6인승,2290000,1100000,460000,140000
군포시,현대자동차,아이오닉6 N,2500000,1200000,500000,150000
군포시,현대자동차,아이오닉9 성능형 AWD,2720000,1310000,540000,160000
군포시,현대자동차,아이오닉9 항속형 2WD,2740000,1320000,550000,170000
군포시,현대자동차,아이오닉9 항속형 AWD,2710000,1300000,540000,160000
군포시,현대자동차,캐스퍼 일렉트릭 기본형 15인치,4900000,2360000,980000,290000
군포시,현대자동차,캐스퍼 일렉트릭 크로스 17인치,4870000,2350000,970000,290000
군포시,현대자동차,캐스퍼 일렉트릭 항속형 15인치,4900000,2360000,980000,290000
군포시,현대자동차,캐스퍼 일렉트릭 항속형 17인치(라운지포함),4900000,2360000,980000,290000
군포시,현대자동차,코나 일렉트릭 2WD 롱레인지 17인치,5140000,2480000,1000000,300000
군포시,현대자동차,코나 일렉트릭 2WD 롱레인지 17인치 빌트인 캠 미적용,5140000,2480000,1000000,300000
군포시,현대자동차,코나 일렉트릭 2WD 롱레인지 19인치,4590000,2210000,920000,280000
군포시,현대자동차,코나 일렉트릭 2WD 스탠다드 17인치,4370000,2110000,870000,260000
의왕시,BMW,MINI Aceman E,4000000,2000000,800000,240000
의왕시,BMW,MINI Aceman SE,4000000,2000000,800000,240000
의왕시,BMW,MINI Cooper SE,3960000,1980000,790000,240000
의왕시,BMW,MINI Countryman E,2170000,1080000,430000,130000
의왕시,BMW,MINI Countryman SE ALL4,2030000,1010000,410000,120000
의왕시,BMW,MINI JCW Aceman E,1970000,980000,390000,120000
의왕시,BMW,MINI JCW E,1910000,950000,380000,110000
의왕시,BMW,i4 M60 LCI (71HD),2330000,1160000,470000,140000
의왕시,BMW,i4 eDrive 40 LCI(21HD),2440000,1220000,490000,150000
의왕시,BMW,i4 eDrive 40 LCI(61HD),2560000,1280000,510000,150000
의왕시,BMW,i5 eDrive 40,2620000,1310000,520000,160000
의왕시,BMW,iX1 eDrive20,2120000,1060000,420000,130000
의왕시,BMW,iX1 eDrive20(11HM),2350000,0,470000,140000
의왕시,BMW,iX1 xDrive30,1920000,960000,380000,110000
의왕시,BMW,iX2 eDrive20,2140000,1070000,430000,130000
의왕시,BMW,iX2 eDrive20(71GN),2390000,0,480000,140000
의왕시,BMW,iX3 50 xDrive,2750000,1370000,550000,170000
의왕시,기아,EV3 GT,2480000,1240000,500000,150000
의왕시,기아,EV3 롱레인지 2WD 17인치,5550000,2770000,1000000,300000
의왕시,기아,EV3 롱레인지 2WD 19인치,5550000,2770000,1000000,300000
의왕시,기아,EV3 롱레인지 4WD 19인치,5390000,2690000,1000000,300000
의왕시,기아,EV3 스탠다드 2WD,4690000,2340000,940000,280000
의왕시,기아,EV4 GT,2550000,1270000,510000,150000
의왕시,기아,EV4 롱레인지 2WD 17인치,5550000,2770000,1000000,300000
의왕시,기아,EV4 롱레인지 2WD 19인치,5550000,2770000,1000000,300000
의왕시,기아,EV4 롱레인지 4WD 19인치,5540000,2770000,1000000,300000
의왕시,기아,EV4 롱레인지 GTL 2WD 19인치,5550000,2770000,1000000,300000
의왕시,기아,EV4 스탠다드 2WD 17인치,5120000,2560000,1000000,300000
의왕시,기아,EV4 스탠다드 2WD 19인치,4810000,2400000,960000,290000
의왕시,기아,EV5 GT,2320000,1160000,460000,140000
의왕시,기아,EV5 롱레인지 2WD,5520000,2760000,1000000,300000
의왕시,기아,EV5 롱레인지 4WD 18인치,4990000,2490000,1000000,300000
의왕시,기아,EV5 롱레인지 4WD 19인치,4930000,2460000,990000,300000
의왕시,기아,EV9 GT,2450000,1220000,490000,150000
의왕시,기아,EV9 롱레인지 2WD 19인치,2700000,1350000,540000,160000
의왕시,기아,EV9 롱레인지 2WD 20인치,2680000,1340000,540000,160000
의왕시,기아,EV9 롱레인지 4WD 19인치,2540000,1270000,510000,150000
의왕시,기아,EV9 롱레인지 4WD 21인치,2600000,1300000,520000,160000
의왕시,기아,EV9 롱레인지 GTL 4WD 21인치,2520000,1260000,500000,150000
의왕시,기아,EV9 스탠다드,2370000,1180000,470000,140000
의왕시,기아,PV5 패신저 5인승 롱레인지,4580000,2290000,920000,280000
의왕시,기아,Pv5 WAV(비용 미지원),6480000,3240000,1000000,300000
의왕시,기아,Pv5 WAV(비용 지원),4480000,2240000,900000,270000
의왕시,기아,(단종)The all-new Kia Niro EV,4890000,2440000,980000,290000
의왕시,기아,더뉴EV6 롱레인지 2WD 19인치,5700000,2850000,1000000,300000
의왕시,기아,더뉴EV6 롱레인지 2WD 20인치,5590000,2790000,1000000,300000
의왕시,기아,더뉴EV6 롱레인지 4WD 19인치,5610000,2800000,1000000,300000
의왕시,기아,더뉴EV6 롱레인지 4WD 20인치,5320000,2660000,1000000,300000
의왕시,기아,더뉴EV6 스탠다드,5010000,2500000,1000000,300000
의왕시,기아,레이 EV 2WD 14인치 1인승 밴,4570000,2280000,910000,270000
의왕시,기아,레이 EV 2WD 14인치 2인승 밴,4570000,2280000,910000,270000
의왕시,기아,레이 EV 2WD 14인치 4인승 승용,4570000,2280000,910000,270000
의왕시,메르세데스벤츠코리아,EQA 250(Facelift),1900000,950000,380000,110000
의왕시,메르세데스벤츠코리아,EQB 300 4MATIC(Facelift),1540000,770000,310000,90000
의왕시,메르세데스벤츠코리아,EQB 300 4MATIC(Facelift)(CY25/2),1620000,810000,320000,100000
의왕시,볼보자동차코리아,볼보 EX30 Single Motor ER,2470000,1230000,490000,150000
의왕시,볼보자동차코리아,볼보 EX30CC Twin Motor Perf,2220000,1110000,440000,130000
의왕시,비와이디코리아,(단종)BYD ATTO 3,1260000,630000,250000,80000
의왕시,비와이디코리아,(단종)BYD DOLPHIN,1090000,540000,220000,70000
의왕시,비와이디코리아,(단종)BYD DOLPHIN Active,1320000,660000,260000,80000
의왕시,비와이디코리아,(단종)BYD SEAL,1690000,840000,340000,100000
의왕시,비와이디코리아,(단종)BYD SEAL Dynamic AWD,1510000,750000,300000,90000
의왕시,비와이디코리아,(단종)BYD SEALION 7,1520000,760000,300000,90000
의왕시,케이지모빌리티,토레스 EVX 18인치,3540000,1770000,710000,210000
의왕시,케이지모빌리티,토레스 EVX 18인치(2026),3610000,1800000,720000,220000
의왕시,케이지모빌리티,토레스 EVX 20인치,3440000,1720000,690000,210000
의왕시,케이지모빌리티,토레스 EVX 20인치(2026),3540000,1770000,710000,210000
의왕시,케이지모빌리티,(단종)토레스 EVX 2WD 18인치,3270000,1630000,650000,200000
의왕시,케이지모빌리티,(단종)토레스 EVX 2WD 20인치,3120000,1560000,620000,190000
의왕시,테슬라코리아,Model 3 Performance,2000000,1000000,400000,120000
의왕시,테슬라코리아,Model 3 Premium Long Range RWD,4200000,2100000,840000,250000
의왕시,테슬라코리아,Model 3 Premium Long Range RWD(5999만원),2100000,1050000,420000,130000
의왕시,테슬라코리아,Model 3 RWD,1680000,840000,340000,100000
의왕시,테슬라코리아,Model 3 RWD(2025),1680000,840000,340000,100000
의왕시,테슬라코리아,Model Y L AWD,2150000,1070000,430000,130000
의왕시,테슬라코리아,Model Y Long Range(2025),2100000,1050000,420000,130000
의왕시,테슬라코리아,Model Y Premium Long Range,2100000,1050000,420000,130000
의왕시,테슬라코리아,Model Y Premium RWD,1700000,850000,340000,100000
의왕시,테슬라코리아,Model Y RWD(2025),1700000,850000,340000,100000
의왕시,폭스바겐그룹코리아,ID.4 Pro,4320000,2160000,860000,260000
의왕시,폭스바겐그룹코리아,Q4 45 e-tron,2060000,1030000,410000,120000
의왕시,폭스바겐그룹코리아,Q4 Sportback 45 e-tron,2060000,1030000,410000,120000
의왕시,폭스바겐그룹코리아,(단종)Q6 e-tron performance,2200000,1100000,440000,130000
의왕시,폭스바겐그룹코리아,iD.5 Pro,4730000,2360000,950000,290000
의왕시,폴스타오토모티브코리아,Polestar 4 Coupe Dual Motor,1680000,840000,340000,100000
의왕시,폴스타오토모티브코리아,Polestar 4 Coupe Rear Motor,1810000,900000,360000,110000
의왕시,현대자동차,ELECTRIFIED G80,2700000,1350000,540000,160000
의왕시,현대자동차,ELECTRIFIED GV70 AWD 19인치,2610000,1300000,520000,160000
의왕시,현대자동차,ELECTRIFIED GV70 AWD 20인치,2450000,1220000,490000,150000
의왕시,현대자동차,GV60 스탠다드 2WD 19인치,2850000,1420000,570000,170000
의왕시,현대자동차,GV60 스탠다드 AWD 19인치,2720000,1360000,540000,160000
의왕시,현대자동차,GV60 스탠다드 AWD 20인치,2610000,1300000,520000,160000
의왕시,현대자동차,더 뉴 아이오닉5 2WD 롱레인지 19인치,5640000,2820000,1000000,300000
의왕시,현대자동차,더 뉴 아이오닉5 2WD 롱레인지 19인치 빌트인 캠 미적용,5670000,2830000,1000000,300000
의왕시,현대자동차,더 뉴 아이오닉5 2WD 롱레인지 20인치,5590000,2790000,1000000,300000
의왕시,현대자동차,더 뉴 아이오닉5 2WD 롱레인지 N라인 20인치,5410000,2700000,1000000,300000
의왕시,현대자동차,더 뉴 아이오닉5 2WD 스탠다드 19인치,4830000,2410000,970000,290000
의왕시,현대자동차,더 뉴 아이오닉5 AWD 롱레인지 19인치,5580000,2790000,1000000,300000
의왕시,현대자동차,더 뉴 아이오닉5 AWD 롱레인지 20인치,5320000,2660000,1000000,300000
의왕시,현대자동차,더 뉴 아이오닉5 AWD 롱레인지 N라인 20인치,5100000,2550000,1000000,300000
의왕시,현대자동차,더 뉴 아이오닉6 2WD 롱레인지 18인치,5700000,2850000,1000000,300000
의왕시,현대자동차,더 뉴 아이오닉6 2WD 롱레인지 20인치,5700000,2850000,1000000,300000
의왕시,현대자동차,더 뉴 아이오닉6 2WD 롱레인지 N라인 20인치,5700000,2850000,1000000,300000
의왕시,현대자동차,더 뉴 아이오닉6 2WD 스탠다드 18인치,5600000,2800000,1000000,300000
의왕시,현대자동차,더 뉴 아이오닉6 AWD 롱레인지 18인치,5700000,2850000,1000000,300000
의왕시,현대자동차,더 뉴 아이오닉6 AWD 롱레인지 20인치,5530000,2760000,1000000,300000
의왕시,현대자동차,더 뉴 아이오닉6 AWD 롱레인지 N라인 20인치,5370000,2680000,1000000,300000
의왕시,현대자동차,스타리아 라운지 일렉트릭 7인승,2290000,1140000,460000,140000
의왕시,현대자동차,스타리아 리무진 일렉트릭 6인승,2290000,1140000,460000,140000
의왕시,현대자동차,아이오닉6 N,2500000,1250000,500000,150000
의왕시,현대자동차,아이오닉9 성능형 AWD,2720000,1360000,540000,160000
의왕시,현대자동차,아이오닉9 항속형 2WD,2740000,1370000,550000,170000
의왕시,현대자동차,아이오닉9 항속형 AWD,2710000,1350000,540000,160000
의왕시,현대자동차,캐스퍼 일렉트릭 기본형 15인치,4900000,2450000,980000,290000
의왕시,현대자동차,캐스퍼 일렉트릭 크로스 17인치,4870000,2430000,970000,290000
의왕시,현대자동차,캐스퍼 일렉트릭 항속형 15인치,4900000,2450000,980000,290000
의왕시,현대자동차,캐스퍼 일렉트릭 항속형 17인치(라운지포함),4900000,2450000,980000,290000
의왕시,현대자동차,코나 일렉트릭 2WD 롱레인지 17인치,5140000,2570000,1000000,300000
의왕시,현대자동차,코나 일렉트릭 2WD 롱레인지 17인치 빌트인 캠 미적용,5140000,2570000,1000000,300000
의왕시,현대자동차,코나 일렉트릭 2WD 롱레인지 19인치,4590000,2290000,920000,280000
의왕시,현대자동차,코나 일렉트릭 2WD 스탠다드 17인치,4370000,2180000,870000,260000
하남시,BMW,MINI Aceman E,4000000,1200000,800000,240000
하남시,BMW,MINI Aceman SE,4000000,1200000,800000,240000
하남시,BMW,MINI Cooper SE,3960000,1180000,790000,240000
하남시,BMW,MINI Countryman E,2170000,650000,430000,130000
하남시,BMW,MINI Countryman SE ALL4,2030000,600000,410000,120000
하남시,BMW,MINI JCW Aceman E,1970000,590000,390000,120000
하남시,BMW,MINI JCW E,1910000,570000,380000,110000
하남시,BMW,i4 M60 LCI (71HD),2330000,690000,470000,140000
하남시,BMW,i4 eDrive 40 LCI(21HD),2440000,730000,490000,150000
하남시,BMW,i4 eDrive 40 LCI(61HD),2560000,760000,510000,150000
하남시,BMW,i5 eDrive 40,2620000,780000,520000,160000
하남시,BMW,iX1 eDrive20,2120000,630000,420000,130000
하남시,BMW,iX1 eDrive20(11HM),2350000,700000,470000,140000
하남시,BMW,iX1 xDrive30,1920000,570000,380000,110000
하남시,BMW,iX2 eDrive20,2140000,640000,430000,130000
하남시,BMW,iX2 eDrive20(71GN),2390000,710000,480000,140000
하남시,BMW,iX3 50 xDrive,2750000,820000,550000,170000
하남시,기아,EV3 GT,2480000,740000,500000,150000
하남시,기아,EV3 롱레인지 2WD 17인치,5550000,1660000,1000000,300000
하남시,기아,EV3 롱레인지 2WD 19인치,5550000,1660000,1000000,300000
하남시,기아,EV3 롱레인지 4WD 19인치,5390000,1610000,1000000,300000
하남시,기아,EV3 스탠다드 2WD,4690000,1400000,940000,280000
하남시,기아,EV4 GT,2550000,760000,510000,150000
하남시,기아,EV4 롱레인지 2WD 17인치,5550000,1660000,1000000,300000
하남시,기아,EV4 롱레인지 2WD 19인치,5550000,1660000,1000000,300000
하남시,기아,EV4 롱레인지 4WD 19인치,5540000,1660000,1000000,300000
하남시,기아,EV4 롱레인지 GTL 2WD 19인치,5550000,1660000,1000000,300000
하남시,기아,EV4 스탠다드 2WD 17인치,5120000,1530000,1000000,300000
하남시,기아,EV4 스탠다드 2WD 19인치,4810000,1440000,960000,290000
하남시,기아,EV5 GT,2320000,690000,460000,140000
하남시,기아,EV5 롱레인지 2WD,5520000,1650000,1000000,300000
하남시,기아,EV5 롱레인지 4WD 18인치,4990000,1490000,1000000,300000
하남시,기아,EV5 롱레인지 4WD 19인치,4930000,1470000,990000,300000
하남시,기아,EV9 GT,2450000,730000,490000,150000
하남시,기아,EV9 롱레인지 2WD 19인치,2700000,810000,540000,160000
하남시,기아,EV9 롱레인지 2WD 20인치,2680000,800000,540000,160000
하남시,기아,EV9 롱레인지 4WD 19인치,2540000,760000,510000,150000
하남시,기아,EV9 롱레인지 4WD 21인치,2600000,780000,520000,160000
하남시,기아,EV9 롱레인지 GTL 4WD 21인치,2520000,750000,500000,150000
하남시,기아,EV9 스탠다드,2370000,710000,470000,140000
하남시,기아,PV5 패신저 5인승 롱레인지,4580000,1370000,920000,280000
하남시,기아,Pv5 WAV(비용 미지원),6480000,1940000,1000000,300000
하남시,기아,Pv5 WAV(비용 지원),4480000,1340000,900000,270000
하남시,기아,(단종)The all-new Kia Niro EV,4890000,1460000,980000,290000
하남시,기아,더뉴EV6 롱레인지 2WD 19인치,5700000,1710000,1000000,300000
하남시,기아,더뉴EV6 롱레인지 2WD 20인치,5590000,1670000,1000000,300000
하남시,기아,더뉴EV6 롱레인지 4WD 19인치,5610000,1680000,1000000,300000
하남시,기아,더뉴EV6 롱레인지 4WD 20인치,5320000,1590000,1000000,300000
하남시,기아,더뉴EV6 스탠다드,5010000,1500000,1000000,300000
하남시,기아,레이 EV 2WD 14인치 1인승 밴,4570000,1370000,910000,270000
하남시,기아,레이 EV 2WD 14인치 2인승 밴,4570000,1370000,910000,270000
하남시,기아,레이 EV 2WD 14인치 4인승 승용,4570000,1370000,910000,270000
하남시,메르세데스벤츠코리아,EQA 250(Facelift),1900000,570000,380000,110000
하남시,메르세데스벤츠코리아,EQB 300 4MATIC(Facelift),1540000,460000,310000,90000
하남시,메르세데스벤츠코리아,EQB 300 4MATIC(Facelift)(CY25/2),1620000,480000,320000,100000
하남시,볼보자동차코리아,볼보 EX30 Single Motor ER,2470000,740000,490000,150000
하남시,볼보자동차코리아,볼보 EX30CC Twin Motor Perf,2220000,660000,440000,130000
하남시,비와이디코리아,(단종)BYD ATTO 3,1260000,370000,250000,80000
하남시,비와이디코리아,(단종)BYD DOLPHIN,1090000,320000,220000,70000
하남시,비와이디코리아,(단종)BYD DOLPHIN Active,1320000,390000,260000,80000
하남시,비와이디코리아,(단종)BYD SEAL,1690000,500000,340000,100000
하남시,비와이디코리아,(단종)BYD SEAL Dynamic AWD,1510000,450000,300000,90000
하남시,비와이디코리아,(단종)BYD SEALION 7,1520000,450000,300000,90000
하남시,케이지모빌리티,토레스 EVX 18인치,3540000,1060000,710000,210000
하남시,케이지모빌리티,토레스 EVX 18인치(2026),3610000,1080000,720000,220000
하남시,케이지모빌리티,토레스 EVX 20인치,3440000,1030000,690000,210000
하남시,케이지모빌리티,토레스 EVX 20인치(2026),3540000,1060000,710000,210000
하남시,케이지모빌리티,(단종)토레스 EVX 2WD 18인치,3270000,980000,650000,200000
하남시,케이지모빌리티,(단종)토레스 EVX 2WD 20인치,3120000,930000,620000,190000
하남시,테슬라코리아,Model 3 Performance,2000000,600000,400000,120000
하남시,테슬라코리아,Model 3 Premium Long Range RWD,4200000,1260000,840000,250000
하남시,테슬라코리아,Model 3 Premium Long Range RWD(5999만원),2100000,630000,420000,130000
하남시,테슬라코리아,Model 3 RWD,1680000,500000,340000,100000
하남시,테슬라코리아,Model 3 RWD(2025),1680000,500000,340000,100000
하남시,테슬라코리아,Model Y L AWD,2150000,640000,430000,130000
하남시,테슬라코리아,Model Y Long Range(2025),2100000,630000,420000,130000
하남시,테슬라코리아,Model Y Premium Long Range,2100000,630000,420000,130000
하남시,테슬라코리아,Model Y Premium RWD,1700000,510000,340000,100000
하남시,테슬라코리아,Model Y RWD(2025),1700000,510000,340000,100000
하남시,폭스바겐그룹코리아,ID.4 Pro,4320000,1290000,860000,260000
하남시,폭스바겐그룹코리아,Q4 45 e-tron,2060000,610000,410000,120000
하남시,폭스바겐그룹코리아,Q4 Sportback 45 e-tron,2060000,610000,410000,120000
하남시,폭스바겐그룹코리아,(단종)Q6 e-tron performance,2200000,660000,440000,130000
하남시,폭스바겐그룹코리아,iD.5 Pro,4730000,1410000,950000,290000
하남시,폴스타오토모티브코리아,Polestar 4 Coupe Dual Motor,1680000,500000,340000,100000
하남시,폴스타오토모티브코리아,Polestar 4 Coupe Rear Motor,1810000,540000,360000,110000
하남시,현대자동차,ELECTRIFIED G80,2700000,810000,540000,160000
하남시,현대자동차,ELECTRIFIED GV70 AWD 19인치,2610000,780000,520000,160000
하남시,현대자동차,ELECTRIFIED GV70 AWD 20인치,2450000,730000,490000,150000
하남시,현대자동차,GV60 스탠다드 2WD 19인치,2850000,850000,570000,170000
하남시,현대자동차,GV60 스탠다드 AWD 19인치,2720000,810000,540000,160000
하남시,현대자동차,GV60 스탠다드 AWD 20인치,2610000,780000,520000,160000
하남시,현대자동차,더 뉴 아이오닉5 2WD 롱레인지 19인치,5640000,1690000,1000000,300000
하남시,현대자동차,더 뉴 아이오닉5 2WD 롱레인지 19인치 빌트인 캠 미적용,5670000,1700000,1000000,300000
하남시,현대자동차,더 뉴 아이오닉5 2WD 롱레인지 20인치,5590000,1670000,1000000,300000
하남시,현대자동차,더 뉴 아이오닉5 2WD 롱레인지 N라인 20인치,5410000,1620000,1000000,300000
하남시,현대자동차,더 뉴 아이오닉5 2WD 스탠다드 19인치,4830000,1440000,970000,290000
하남시,현대자동차,더 뉴 아이오닉5 AWD 롱레인지 19인치,5580000,1670000,1000000,300000
하남시,현대자동차,더 뉴 아이오닉5 AWD 롱레인지 20인치,5320000,1590000,1000000,300000
하남시,현대자동차,더 뉴 아이오닉5 AWD 롱레인지 N라인 20인치,5100000,1530000,1000000,300000
하남시,현대자동차,더 뉴 아이오닉6 2WD 롱레인지 18인치,5700000,1710000,1000000,300000
하남시,현대자동차,더 뉴 아이오닉6 2WD 롱레인지 20인치,5700000,1710000,1000000,300000
하남시,현대자동차,더 뉴 아이오닉6 2WD 롱레인지 N라인 20인치,5700000,1710000,1000000,300000
하남시,현대자동차,더 뉴 아이오닉6 2WD 스탠다드 18인치,5600000,1680000,1000000,300000
하남시,현대자동차,더 뉴 아이오닉6 AWD 롱레인지 18인치,5700000,1710000,1000000,300000
하남시,현대자동차,더 뉴 아이오닉6 AWD 롱레인지 20인치,5530000,1650000,1000000,300000
하남시,현대자동차,더 뉴 아이오닉6 AWD 롱레인지 N라인 20인치,5370000,1610000,1000000,300000
하남시,현대자동차,스타리아 라운지 일렉트릭 7인승,2290000,680000,460000,140000
하남시,현대자동차,스타리아 리무진 일렉트릭 6인승,2290000,680000,460000,140000
하남시,현대자동차,아이오닉6 N,2500000,750000,500000,150000
하남시,현대자동차,아이오닉9 성능형 AWD,2720000,810000,540000,160000
하남시,현대자동차,아이오닉9 항속형 2WD,2740000,820000,550000,170000
하남시,현대자동차,아이오닉9 항속형 AWD,2710000,810000,540000,160000
하남시,현대자동차,캐스퍼 일렉트릭 기본형 15인치,4900000,1470000,980000,290000
하남시,현대자동차,캐스퍼 일렉트릭 크로스 17인치,4870000,1460000,970000,290000
하남시,현대자동차,캐스퍼 일렉트릭 항속형 15인치,4900000,1470000,980000,290000
하남시,현대자동차,캐스퍼 일렉트릭 항속형 17인치(라운지포함),4900000,1470000,980000,290000
하남시,현대자동차,코나 일렉트릭 2WD 롱레인지 17인치,5140000,1540000,1000000,300000
하남시,현대자동차,코나 일렉트릭 2WD 롱레인지 17인치 빌트인 캠 미적용,5140000,1540000,1000000,300000
하남시,현대자동차,코나 일렉트릭 2WD 롱레인지 19인치,4590000,1370000,920000,280000
하남시,현대자동차,코나 일렉트릭 2WD 스탠다드 17인치,4370000,1310000,870000,260000
용인시,BMW,MINI Aceman E,4000000,1730000,800000,240000
용인시,BMW,MINI Aceman SE,4000000,1730000,800000,240000
용인시,BMW,MINI Cooper SE,3960000,1710000,790000,240000
용인시,BMW,MINI Countryman E,2170000,940000,430000,130000
용인시,BMW,MINI Countryman SE ALL4,2030000,870000,410000,120000
용인시,BMW,MINI JCW Aceman E,1970000,850000,390000,120000
용인시,BMW,MINI JCW E,1910000,820000,380000,110000
용인시,BMW,i4 M60 LCI (71HD),2330000,1000000,470000,140000
용인시,BMW,i4 eDrive 40 LCI(21HD),2440000,1050000,490000,150000
용인시,BMW,i4 eDrive 40 LCI(61HD),2560000,1100000,510000,150000
용인시,BMW,i5 eDrive 40,2620000,1130000,520000,160000
용인시,BMW,iX1 eDrive20,2120000,910000,420000,130000
용인시,BMW,iX1 eDrive20(11HM),2350000,1010000,470000,140000
용인시,BMW,iX1 xDrive30,1920000,830000,380000,110000
용인시,BMW,iX2 eDrive20,2140000,920000,430000,130000
용인시,BMW,iX2 eDrive20(71GN),2390000,1030000,480000,140000
용인시,BMW,iX3 50 xDrive,2750000,1180000,550000,170000
용인시,기아,EV3 GT,2480000,1070000,500000,150000
용인시,기아,EV3 롱레인지 2WD 17인치,5550000,2400000,1000000,300000
용인시,기아,EV3 롱레인지 2WD 19인치,5550000,2400000,1000000,300000
용인시,기아,EV3 롱레인지 4WD 19인치,5390000,2320000,1000000,300000
용인시,기아,EV3 스탠다드 2WD,4690000,2030000,940000,280000
용인시,기아,EV4 GT,2550000,1090000,510000,150000
용인시,기아,EV4 롱레인지 2WD 17인치,5550000,2400000,1000000,300000
용인시,기아,EV4 롱레인지 2WD 19인치,5550000,2400000,1000000,300000
용인시,기아,EV4 롱레인지 4WD 19인치,5540000,2380000,1000000,300000
용인시,기아,EV4 롱레인지 GTL 2WD 19인치,5550000,2400000,1000000,300000
용인시,기아,EV4 스탠다드 2WD 17인치,5120000,2210000,1000000,300000
용인시,기아,EV4 스탠다드 2WD 19인치,4810000,2080000,960000,290000
용인시,기아,EV5 GT,2320000,1000000,460000,140000
용인시,기아,EV5 롱레인지 2WD,5520000,2390000,1000000,300000
용인시,기아,EV5 롱레인지 4WD 18인치,4990000,2160000,1000000,300000
용인시,기아,EV5 롱레인지 4WD 19인치,4930000,2130000,990000,300000
용인시,기아,EV9 GT,2450000,1060000,490000,150000
용인시,기아,EV9 롱레인지 2WD 19인치,2700000,1170000,540000,160000
용인시,기아,EV9 롱레인지 2WD 20인치,2680000,1160000,540000,160000
용인시,기아,EV9 롱레인지 4WD 19인치,2540000,1100000,510000,150000
용인시,기아,EV9 롱레인지 4WD 21인치,2600000,1120000,520000,160000
용인시,기아,EV9 롱레인지 GTL 4WD 21인치,2520000,1090000,500000,150000
용인시,기아,EV9 스탠다드,2370000,1020000,470000,140000
용인시,기아,PV5 패신저 5인승 롱레인지,4580000,1980000,920000,280000
용인시,기아,Pv5 WAV(비용 미지원),6480000,2800000,1000000,300000
용인시,기아,Pv5 WAV(비용 지원),4480000,1940000,900000,270000
용인시,기아,(단종)The all-new Kia Niro EV,4890000,2110000,980000,290000
용인시,기아,더뉴EV6 롱레인지 2WD 19인치,5700000,2470000,1000000,300000
용인시,기아,더뉴EV6 롱레인지 2WD 20인치,5590000,2420000,1000000,300000
용인시,기아,더뉴EV6 롱레인지 4WD 19인치,5610000,2430000,1000000,300000
용인시,기아,더뉴EV6 롱레인지 4WD 20인치,5320000,2300000,1000000,300000
용인시,기아,더뉴EV6 스탠다드,5010000,2170000,1000000,300000
용인시,기아,레이 EV 2WD 14인치 1인승 밴,4570000,1980000,910000,270000
용인시,기아,레이 EV 2WD 14인치 2인승 밴,4570000,1980000,910000,270000
용인시,기아,레이 EV 2WD 14인치 4인승 승용,4570000,1980000,910000,270000
용인시,메르세데스벤츠코리아,EQA 250(Facelift),1900000,820000,380000,110000
용인시,메르세데스벤츠코리아,EQB 300 4MATIC(Facelift),1540000,660000,310000,90000
용인시,메르세데스벤츠코리아,EQB 300 4MATIC(Facelift)(CY25/2),1620000,700000,320000,100000
용인시,볼보자동차코리아,볼보 EX30 Single Motor ER,2470000,1060000,490000,150000
용인시,볼보자동차코리아,볼보 EX30CC Twin Motor Perf,2220000,950000,440000,130000
용인시,비와이디코리아,(단종)BYD ATTO 3,1260000,540000,250000,80000
용인시,비와이디코리아,(단종)BYD DOLPHIN,1090000,470000,220000,70000
용인시,비와이디코리아,(단종)BYD DOLPHIN Active,1320000,570000,260000,80000
용인시,비와이디코리아,(단종)BYD SEAL,1690000,730000,340000,100000
용인시,비와이디코리아,(단종)BYD SEAL Dynamic AWD,1510000,650000,300000,90000
용인시,비와이디코리아,(단종)BYD SEALION 7,1520000,650000,300000,90000
용인시,케이지모빌리티,토레스 EVX 18인치,3540000,1530000,710000,210000
용인시,케이지모빌리티,토레스 EVX 18인치(2026),3610000,1560000,720000,220000
용인시,케이지모빌리티,토레스 EVX 20인치,3440000,1490000,690000,210000
용인시,케이지모빌리티,토레스 EVX 20인치(2026),3540000,1530000,710000,210000
용인시,케이지모빌리티,(단종)토레스 EVX 2WD 18인치,3270000,1410000,650000,200000
용인시,케이지모빌리티,(단종)토레스 EVX 2WD 20인치,3120000,1350000,620000,190000
용인시,테슬라코리아,Model 3 Performance,2000000,860000,400000,120000
용인시,테슬라코리아,Model 3 Premium Long Range RWD,4200000,1820000,840000,250000
용인시,테슬라코리아,Model 3 Premium Long Range RWD(5999만원),2100000,900000,420000,130000
용인시,테슬라코리아,Model 3 RWD,1680000,720000,340000,100000
용인시,테슬라코리아,Model 3 RWD(2025),1680000,720000,340000,100000
용인시,테슬라코리아,Model Y L AWD,2150000,900000,430000,130000
용인시,테슬라코리아,Model Y Long Range(2025),2100000,900000,420000,130000
용인시,테슬라코리아,Model Y Premium Long Range,2100000,910000,420000,130000
용인시,테슬라코리아,Model Y Premium RWD,1700000,730000,340000,100000
용인시,테슬라코리아,Model Y RWD(2025),1700000,730000,340000,100000
용인시,폭스바겐그룹코리아,ID.4 Pro,4320000,1870000,860000,260000
용인시,폭스바겐그룹코리아,Q4 45 e-tron,2060000,890000,410000,120000
용인시,폭스바겐그룹코리아,Q4 Sportback 45 e-tron,2060000,890000,410000,120000
용인시,폭스바겐그룹코리아,(단종)Q6 e-tron performance,2200000,950000,440000,130000
용인시,폭스바겐그룹코리아,iD.5 Pro,4730000,2030000,950000,290000
용인시,폴스타오토모티브코리아,Polestar 4 Coupe Dual Motor,1680000,720000,340000,100000
용인시,폴스타오토모티브코리아,Polestar 4 Coupe Rear Motor,1810000,780000,360000,110000
용인시,현대자동차,ELECTRIFIED G80,2700000,1170000,540000,160000
용인시,현대자동차,ELECTRIFIED GV70 AWD 19인치,2610000,1130000,520000,160000
용인시,현대자동차,ELECTRIFIED GV70 AWD 20인치,2450000,1060000,490000,150000
용인시,현대자동차,GV60 스탠다드 2WD 19인치,2850000,1230000,570000,170000
용인시,현대자동차,GV60 스탠다드 AWD 19인치,2720000,1170000,540000,160000
용인시,현대자동차,GV60 스탠다드 AWD 20인치,2610000,1130000,520000,160000
용인시,현대자동차,더 뉴 아이오닉5 2WD 롱레인지 19인치,5640000,2440000,1000000,300000
용인시,현대자동차,더 뉴 아이오닉5 2WD 롱레인지 19인치 빌트인 캠 미적용,5670000,2450000,1000000,300000
용인시,현대자동차,더 뉴 아이오닉5 2WD 롱레인지 20인치,5590000,2420000,1000000,300000
용인시,현대자동차,더 뉴 아이오닉5 2WD 롱레인지 N라인 20인치,5410000,2340000,1000000,300000
용인시,현대자동차,더 뉴 아이오닉5 2WD 스탠다드 19인치,4830000,2090000,970000,290000
용인시,현대자동차,더 뉴 아이오닉5 AWD 롱레인지 19인치,5580000,2410000,1000000,300000
용인시,현대자동차,더 뉴 아이오닉5 AWD 롱레인지 20인치,5320000,2300000,1000000,300000
용인시,현대자동차,더 뉴 아이오닉5 AWD 롱레인지 N라인 20인치,5100000,2210000,1000000,300000
용인시,현대자동차,더 뉴 아이오닉6 2WD 롱레인지 18인치,5700000,2470000,1000000,300000
용인시,현대자동차,더 뉴 아이오닉6 2WD 롱레인지 20인치,5700000,2470000,1000000,300000
용인시,현대자동차,더 뉴 아이오닉6 2WD 롱레인지 N라인 20인치,5700000,2470000,1000000,300000
용인시,현대자동차,더 뉴 아이오닉6 2WD 스탠다드 18인치,5600000,2420000,1000000,300000
용인시,현대자동차,더 뉴 아이오닉6 AWD 롱레인지 18인치,5700000,2470000,1000000,300000
용인시,현대자동차,더 뉴 아이오닉6 AWD 롱레인지 20인치,5530000,2390000,1000000,300000
용인시,현대자동차,더 뉴 아이오닉6 AWD 롱레인지 N라인 20인치,5370000,2320000,1000000,300000
용인시,현대자동차,스타리아 라운지 일렉트릭 7인승,2290000,980000,460000,140000
용인시,현대자동차,스타리아 리무진 일렉트릭 6인승,2290000,980000,460000,140000
용인시,현대자동차,아이오닉6 N,2500000,1080000,500000,150000
용인시,현대자동차,아이오닉9 성능형 AWD,2720000,1170000,540000,160000
용인시,현대자동차,아이오닉9 항속형 2WD,2740000,1180000,550000,170000
용인시,현대자동차,아이오닉9 항속형 AWD,2710000,1170000,540000,160000
용인시,현대자동차,캐스퍼 일렉트릭 기본형 15인치,4900000,2120000,980000,290000
용인시,현대자동차,캐스퍼 일렉트릭 크로스 17인치,4870000,2110000,970000,290000
용인시,현대자동차,캐스퍼 일렉트릭 항속형 15인치,4900000,2120000,980000,290000
용인시,현대자동차,캐스퍼 일렉트릭 항속형 17인치(라운지포함),4900000,2120000,980000,290000
용인시,현대자동차,코나 일렉트릭 2WD 롱레인지 17인치,5140000,2220000,1000000,300000
용인시,현대자동차,코나 일렉트릭 2WD 롱레인지 17인치 빌트인 캠 미적용,5140000,2220000,1000000,300000
용인시,현대자동차,코나 일렉트릭 2WD 롱레인지 19인치,4590000,1980000,920000,280000
용인시,현대자동차,코나 일렉트릭 2WD 스탠다드 17인치,4370000,1890000,870000,260000
파주시,BMW,MINI Aceman E,4000000,2000000,800000,240000
파주시,BMW,MINI Aceman SE,4000000,2000000,800000,240000
파주시,BMW,MINI Cooper SE,3960000,1980000,790000,240000
파주시,BMW,MINI Countryman E,2170000,1080000,430000,130000
파주시,BMW,MINI Countryman SE ALL4,2030000,1010000,410000,120000
파주시,BMW,MINI JCW Aceman E,1970000,980000,390000,120000
파주시,BMW,MINI JCW E,1910000,950000,380000,110000
파주시,BMW,i4 M60 LCI (71HD),2330000,1160000,470000,140000
파주시,BMW,i4 eDrive 40 LCI(21HD),2440000,1220000,490000,150000
파주시,BMW,i4 eDrive 40 LCI(61HD),2560000,1280000,510000,150000
파주시,BMW,i5 eDrive 40,2620000,1310000,520000,160000
파주시,BMW,iX1 eDrive20,2120000,1060000,420000,130000
파주시,BMW,iX1 eDrive20(11HM),2350000,1180000,470000,140000
파주시,BMW,iX1 xDrive30,1920000,960000,380000,110000
파주시,BMW,iX2 eDrive20,2140000,1070000,430000,130000
파주시,BMW,iX2 eDrive20(71GN),2390000,1200000,480000,140000
파주시,BMW,iX3 50 xDrive,2750000,1380000,550000,170000
파주시,기아,EV3 GT,2480000,1240000,500000,150000
파주시,기아,EV3 롱레인지 2WD 17인치,5550000,2770000,1000000,300000
파주시,기아,EV3 롱레인지 2WD 19인치,5550000,2770000,1000000,300000
파주시,기아,EV3 롱레인지 4WD 19인치,5390000,2690000,1000000,300000
파주시,기아,EV3 스탠다드 2WD,4690000,2340000,940000,280000
파주시,기아,EV4 GT,2550000,1270000,510000,150000
파주시,기아,EV4 롱레인지 2WD 17인치,5550000,2770000,1000000,300000
파주시,기아,EV4 롱레인지 2WD 19인치,5550000,2770000,1000000,300000
파주시,기아,EV4 롱레인지 4WD 19인치,5540000,2770000,1000000,300000
파주시,기아,EV4 롱레인지 GTL 2WD 19인치,5550000,2770000,1000000,300000
파주시,기아,EV4 스탠다드 2WD 17인치,5120000,2560000,1000000,300000
파주시,기아,EV4 스탠다드 2WD 19인치,4810000,2400000,960000,290000
파주시,기아,EV5 GT,2320000,1160000,460000,140000
파주시,기아,EV5 롱레인지 2WD,5520000,2760000,1000000,300000
파주시,기아,EV5 롱레인지 4WD 18인치,4990000,2490000,1000000,300000
파주시,기아,EV5 롱레인지 4WD 19인치,4930000,2460000,990000,300000
파주시,기아,EV9 GT,2450000,1220000,490000,150000
파주시,기아,EV9 롱레인지 2WD 19인치,2700000,1350000,540000,160000
파주시,기아,EV9 롱레인지 2WD 20인치,2680000,1340000,540000,160000
파주시,기아,EV9 롱레인지 4WD 19인치,2540000,1270000,510000,150000
파주시,기아,EV9 롱레인지 4WD 21인치,2600000,1300000,520000,160000
파주시,기아,EV9 롱레인지 GTL 4WD 21인치,2520000,1260000,500000,150000
파주시,기아,EV9 스탠다드,2370000,1180000,470000,140000
파주시,기아,PV5 패신저 5인승 롱레인지,4580000,2290000,920000,280000
파주시,기아,Pv5 WAV(비용 미지원),6480000,3240000,1000000,300000
파주시,기아,Pv5 WAV(비용 지원),4480000,2240000,900000,270000
파주시,기아,(단종)The all-new Kia Niro EV,4890000,2440000,980000,290000
파주시,기아,더뉴EV6 롱레인지 2WD 19인치,5700000,2850000,1000000,300000
파주시,기아,더뉴EV6 롱레인지 2WD 20인치,5590000,2790000,1000000,300000
파주시,기아,더뉴EV6 롱레인지 4WD 19인치,5610000,2800000,1000000,300000
파주시,기아,더뉴EV6 롱레인지 4WD 20인치,5320000,2660000,1000000,300000
파주시,기아,더뉴EV6 스탠다드,5010000,2500000,1000000,300000
파주시,기아,레이 EV 2WD 14인치 1인승 밴,4570000,2280000,910000,270000
파주시,기아,레이 EV 2WD 14인치 2인승 밴,4570000,2280000,910000,270000
파주시,기아,레이 EV 2WD 14인치 4인승 승용,4570000,2280000,910000,270000
파주시,메르세데스벤츠코리아,EQA 250(Facelift),1900000,950000,380000,110000
파주시,메르세데스벤츠코리아,EQB 300 4MATIC(Facelift),1540000,770000,310000,90000
파주시,메르세데스벤츠코리아,EQB 300 4MATIC(Facelift)(CY25/2),1620000,810000,320000,100000
파주시,볼보자동차코리아,볼보 EX30 Single Motor ER,2470000,1240000,490000,150000
파주시,볼보자동차코리아,볼보 EX30CC Twin Motor Perf,2220000,1110000,440000,130000
파주시,비와이디코리아,(단종)BYD ATTO 3,1260000,630000,250000,80000
파주시,비와이디코리아,(단종)BYD DOLPHIN,1090000,540000,220000,70000
파주시,비와이디코리아,(단종)BYD DOLPHIN Active,1320000,660000,260000,80000
파주시,비와이디코리아,(단종)BYD SEAL,1690000,840000,340000,100000
파주시,비와이디코리아,(단종)BYD SEAL Dynamic AWD,1510000,750000,300000,90000
파주시,비와이디코리아,(단종)BYD SEALION 7,1520000,760000,300000,90000
파주시,케이지모빌리티,토레스 EVX 18인치,3540000,1770000,710000,210000
파주시,케이지모빌리티,토레스 EVX 18인치(2026),3610000,1800000,720000,220000
파주시,케이지모빌리티,토레스 EVX 20인치,3440000,1720000,690000,210000
파주시,케이지모빌리티,토레스 EVX 20인치(2026),3540000,1770000,710000,210000
파주시,케이지모빌리티,(단종)토레스 EVX 2WD 18인치,3270000,1630000,650000,200000
파주시,케이지모빌리티,(단종)토레스 EVX 2WD 20인치,3120000,1560000,620000,190000
파주시,테슬라코리아,Model 3 Performance,2000000,1000000,400000,120000
파주시,테슬라코리아,Model 3 Premium Long Range RWD,4200000,2100000,840000,250000
파주시,테슬라코리아,Model 3 Premium Long Range RWD(5999만원),2100000,1050000,420000,130000
파주시,테슬라코리아,Model 3 RWD,1680000,840000,340000,100000
파주시,테슬라코리아,Model 3 RWD(2025),1680000,840000,340000,100000
파주시,테슬라코리아,Model Y L AWD,2150000,1080000,430000,130000
파주시,테슬라코리아,Model Y Long Range(2025),2100000,1050000,420000,130000
파주시,테슬라코리아,Model Y Premium Long Range,2100000,1050000,420000,130000
파주시,테슬라코리아,Model Y Premium RWD,1700000,850000,340000,100000
파주시,테슬라코리아,Model Y RWD(2025),1700000,850000,340000,100000
파주시,폭스바겐그룹코리아,ID.4 Pro,4320000,2160000,860000,260000
파주시,폭스바겐그룹코리아,Q4 45 e-tron,2060000,1030000,410000,120000
파주시,폭스바겐그룹코리아,Q4 Sportback 45 e-tron,2060000,1030000,410000,120000
파주시,폭스바겐그룹코리아,(단종)Q6 e-tron performance,2200000,1100000,440000,130000
파주시,폭스바겐그룹코리아,iD.5 Pro,4730000,2370000,950000,290000
파주시,폴스타오토모티브코리아,Polestar 4 Coupe Dual Motor,1680000,840000,340000,100000
파주시,폴스타오토모티브코리아,Polestar 4 Coupe Rear Motor,1810000,910000,360000,110000
파주시,현대자동차,ELECTRIFIED G80,2700000,1350000,540000,160000
파주시,현대자동차,ELECTRIFIED GV70 AWD 19인치,2610000,1300000,520000,160000
파주시,현대자동차,ELECTRIFIED GV70 AWD 20인치,2450000,1220000,490000,150000
파주시,현대자동차,GV60 스탠다드 2WD 19인치,2850000,1420000,570000,170000
파주시,현대자동차,GV60 스탠다드 AWD 19인치,2720000,1360000,540000,160000
파주시,현대자동차,GV60 스탠다드 AWD 20인치,2610000,1300000,520000,160000
파주시,현대자동차,더 뉴 아이오닉5 2WD 롱레인지 19인치,5640000,2820000,1000000,300000
파주시,현대자동차,더 뉴 아이오닉5 2WD 롱레인지 19인치 빌트인 캠 미적용,5670000,2830000,1000000,300000
파주시,현대자동차,더 뉴 아이오닉5 2WD 롱레인지 20인치,5590000,2790000,1000000,300000
파주시,현대자동차,더 뉴 아이오닉5 2WD 롱레인지 N라인 20인치,5410000,2700000,1000000,300000
파주시,현대자동차,더 뉴 아이오닉5 2WD 스탠다드 19인치,4830000,2410000,970000,290000
파주시,현대자동차,더 뉴 아이오닉5 AWD 롱레인지 19인치,5580000,2790000,1000000,300000
파주시,현대자동차,더 뉴 아이오닉5 AWD 롱레인지 20인치,5320000,2660000,1000000,300000
파주시,현대자동차,더 뉴 아이오닉5 AWD 롱레인지 N라인 20인치,5100000,2550000,1000000,300000
파주시,현대자동차,더 뉴 아이오닉6 2WD 롱레인지 18인치,5700000,2850000,1000000,300000
파주시,현대자동차,더 뉴 아이오닉6 2WD 롱레인지 20인치,5700000,2850000,1000000,300000
파주시,현대자동차,더 뉴 아이오닉6 2WD 롱레인지 N라인 20인치,5700000,2850000,1000000,300000
파주시,현대자동차,더 뉴 아이오닉6 2WD 스탠다드 18인치,5600000,2800000,1000000,300000
파주시,현대자동차,더 뉴 아이오닉6 AWD 롱레인지 18인치,5700000,2850000,1000000,300000
파주시,현대자동차,더 뉴 아이오닉6 AWD 롱레인지 20인치,5530000,2760000,1000000,300000
파주시,현대자동차,더 뉴 아이오닉6 AWD 롱레인지 N라인 20인치,5370000,2680000,1000000,300000
파주시,현대자동차,스타리아 라운지 일렉트릭 7인승,2290000,1150000,460000,140000
파주시,현대자동차,스타리아 리무진 일렉트릭 6인승,2290000,1150000,460000,140000
파주시,현대자동차,아이오닉6 N,2500000,1250000,500000,150000
파주시,현대자동차,아이오닉9 성능형 AWD,2720000,1360000,540000,160000
파주시,현대자동차,아이오닉9 항속형 2WD,2740000,1370000,550000,170000
파주시,현대자동차,아이오닉9 항속형 AWD,2710000,1350000,540000,160000
파주시,현대자동차,캐스퍼 일렉트릭 기본형 15인치,4900000,2450000,980000,290000
파주시,현대자동차,캐스퍼 일렉트릭 크로스 17인치,4870000,2430000,970000,290000
파주시,현대자동차,캐스퍼 일렉트릭 항속형 15인치,4900000,2450000,980000,290000
파주시,현대자동차,캐스퍼 일렉트릭 항속형 17인치(라운지포함),4900000,2450000,980000,290000
파주시,현대자동차,코나 일렉트릭 2WD 롱레인지 17인치,5140000,2570000,1000000,300000
파주시,현대자동차,코나 일렉트릭 2WD 롱레인지 17인치 빌트인 캠 미적용,5140000,2570000,1000000,300000
파주시,현대자동차,코나 일렉트릭 2WD 롱레인지 19인치,4590000,2290000,920000,280000
파주시,현대자동차,코나 일렉트릭 2WD 스탠다드 17인치,4370000,2180000,870000,260000
이천시,BMW,MINI Aceman E,4000000,2000000,800000,240000
이천시,BMW,MINI Aceman SE,4000000,2000000,800000,240000
이천시,BMW,MINI Cooper SE,3960000,1980000,790000,240000
이천시,BMW,MINI Countryman E,2170000,1080000,430000,130000
이천시,BMW,MINI Countryman SE ALL4,2030000,1010000,410000,120000
이천시,BMW,MINI JCW Aceman E,1970000,980000,390000,120000
이천시,BMW,MINI JCW E,1910000,950000,380000,110000
이천시,BMW,i4 M60 LCI (71HD),2330000,1160000,470000,140000
이천시,BMW,i4 eDrive 40 LCI(21HD),2440000,1220000,490000,150000
이천시,BMW,i4 eDrive 40 LCI(61HD),2560000,1280000,510000,150000
이천시,BMW,i5 eDrive 40,2620000,1310000,520000,160000
이천시,BMW,iX1 eDrive20,2120000,1060000,420000,130000
이천시,BMW,iX1 eDrive20(11HM),2350000,1170000,470000,140000
이천시,BMW,iX1 xDrive30,1920000,960000,380000,110000
이천시,BMW,iX2 eDrive20,2140000,1070000,430000,130000
이천시,BMW,iX2 eDrive20(71GN),2390000,1190000,480000,140000
이천시,BMW,iX3 50 xDrive,2750000,1370000,550000,170000
이천시,기아,EV3 GT,2480000,1240000,500000,150000
이천시,기아,EV3 롱레인지 2WD 17인치,5550000,2770000,1000000,300000
이천시,기아,EV3 롱레인지 2WD 19인치,5550000,2770000,1000000,300000
이천시,기아,EV3 롱레인지 4WD 19인치,5390000,2700000,1000000,300000
이천시,기아,EV3 스탠다드 2WD,4690000,2340000,940000,280000
이천시,기아,EV4 GT,2550000,1280000,510000,150000
이천시,기아,EV4 롱레인지 2WD 17인치,5550000,2770000,1000000,300000
이천시,기아,EV4 롱레인지 2WD 19인치,5550000,2770000,1000000,300000
이천시,기아,EV4 롱레인지 4WD 19인치,5540000,2770000,1000000,300000
이천시,기아,EV4 롱레인지 GTL 2WD 19인치,5550000,2770000,1000000,300000
이천시,기아,EV4 스탠다드 2WD 17인치,5120000,2560000,1000000,300000
이천시,기아,EV4 스탠다드 2WD 19인치,4810000,2400000,960000,290000
이천시,기아,EV5 GT,2320000,1160000,460000,140000
이천시,기아,EV5 롱레인지 2WD,5520000,2760000,1000000,300000
이천시,기아,EV5 롱레인지 4WD 18인치,4990000,2500000,1000000,300000
이천시,기아,EV5 롱레인지 4WD 19인치,4930000,2470000,990000,300000
이천시,기아,EV9 GT,2450000,1220000,490000,150000
이천시,기아,EV9 롱레인지 2WD 19인치,2700000,1350000,540000,160000
이천시,기아,EV9 롱레인지 2WD 20인치,2680000,1340000,540000,160000
이천시,기아,EV9 롱레인지 4WD 19인치,2540000,1270000,510000,150000
이천시,기아,EV9 롱레인지 4WD 21인치,2600000,1300000,520000,160000
이천시,기아,EV9 롱레인지 GTL 4WD 21인치,2520000,1260000,500000,150000
이천시,기아,EV9 스탠다드,2370000,1180000,470000,140000
이천시,기아,PV5 패신저 5인승 롱레인지,4580000,2290000,920000,280000
이천시,기아,Pv5 WAV(비용 미지원),6480000,3240000,1000000,300000
이천시,기아,Pv5 WAV(비용 지원),4480000,2240000,900000,270000
이천시,기아,(단종)The all-new Kia Niro EV,4890000,2440000,980000,290000
이천시,기아,더뉴EV6 롱레인지 2WD 19인치,5700000,2850000,1000000,300000
이천시,기아,더뉴EV6 롱레인지 2WD 20인치,5590000,2790000,1000000,300000
이천시,기아,더뉴EV6 롱레인지 4WD 19인치,5610000,2800000,1000000,300000
이천시,기아,더뉴EV6 롱레인지 4WD 20인치,5320000,2660000,1000000,300000
이천시,기아,더뉴EV6 스탠다드,5010000,2500000,1000000,300000
이천시,기아,레이 EV 2WD 14인치 1인승 밴,4570000,2280000,910000,270000
이천시,기아,레이 EV 2WD 14인치 2인승 밴,4570000,2280000,910000,270000
이천시,기아,레이 EV 2WD 14인치 4인승 승용,4570000,2280000,910000,270000
이천시,메르세데스벤츠코리아,EQA 250(Facelift),1900000,950000,380000,110000
이천시,메르세데스벤츠코리아,EQB 300 4MATIC(Facelift),1540000,770000,310000,90000
이천시,메르세데스벤츠코리아,EQB 300 4MATIC(Facelift)(CY25/2),1620000,810000,320000,100000
이천시,볼보자동차코리아,볼보 EX30 Single Motor ER,2470000,1230000,490000,150000
이천시,볼보자동차코리아,볼보 EX30CC Twin Motor Perf,2220000,1110000,440000,130000
이천시,비와이디코리아,(단종)BYD ATTO 3,1260000,630000,250000,80000
이천시,비와이디코리아,(단종)BYD DOLPHIN,1090000,540000,220000,70000
이천시,비와이디코리아,(단종)BYD DOLPHIN Active,1320000,660000,260000,80000
이천시,비와이디코리아,(단종)BYD SEAL,1690000,840000,340000,100000
이천시,비와이디코리아,(단종)BYD SEAL Dynamic AWD,1510000,750000,300000,90000
이천시,비와이디코리아,(단종)BYD SEALION 7,1520000,760000,300000,90000
이천시,케이지모빌리티,토레스 EVX 18인치,3540000,1770000,710000,210000
이천시,케이지모빌리티,토레스 EVX 18인치(2026),3610000,1800000,720000,220000
이천시,케이지모빌리티,토레스 EVX 20인치,3440000,1720000,690000,210000
이천시,케이지모빌리티,토레스 EVX 20인치(2026),3540000,1770000,710000,210000
이천시,케이지모빌리티,(단종)토레스 EVX 2WD 18인치,3270000,1630000,650000,200000
이천시,케이지모빌리티,(단종)토레스 EVX 2WD 20인치,3120000,1560000,620000,190000
이천시,테슬라코리아,Model 3 Performance,2000000,1000000,400000,120000
이천시,테슬라코리아,Model 3 Premium Long Range RWD,4200000,2100000,840000,250000
이천시,테슬라코리아,Model 3 Premium Long Range RWD(5999만원),2100000,1050000,420000,130000
이천시,테슬라코리아,Model 3 RWD,1680000,840000,340000,100000
이천시,테슬라코리아,Model 3 RWD(2025),1680000,840000,340000,100000
이천시,테슬라코리아,Model Y L AWD,2150000,1050000,430000,130000
이천시,테슬라코리아,Model Y Long Range(2025),2100000,1050000,420000,130000
이천시,테슬라코리아,Model Y Premium Long Range,2100000,1050000,420000,130000
이천시,테슬라코리아,Model Y Premium RWD,1700000,850000,340000,100000
이천시,테슬라코리아,Model Y RWD(2025),1700000,850000,340000,100000
이천시,폭스바겐그룹코리아,ID.4 Pro,4320000,2160000,860000,260000
이천시,폭스바겐그룹코리아,Q4 45 e-tron,2060000,1030000,410000,120000
이천시,폭스바겐그룹코리아,Q4 Sportback 45 e-tron,2060000,1030000,410000,120000
이천시,폭스바겐그룹코리아,(단종)Q6 e-tron performance,2200000,1100000,440000,130000
이천시,폭스바겐그룹코리아,iD.5 Pro,4730000,2360000,950000,290000
이천시,폴스타오토모티브코리아,Polestar 4 Coupe Dual Motor,1680000,840000,340000,100000
이천시,폴스타오토모티브코리아,Polestar 4 Coupe Rear Motor,1810000,900000,360000,110000
이천시,현대자동차,ELECTRIFIED G80,2700000,1350000,540000,160000
이천시,현대자동차,ELECTRIFIED GV70 AWD 19인치,2610000,1300000,520000,160000
이천시,현대자동차,ELECTRIFIED GV70 AWD 20인치,2450000,1220000,490000,150000
이천시,현대자동차,GV60 스탠다드 2WD 19인치,2850000,1420000,570000,170000
이천시,현대자동차,GV60 스탠다드 AWD 19인치,2720000,1360000,540000,160000
이천시,현대자동차,GV60 스탠다드 AWD 20인치,2610000,1300000,520000,160000
이천시,현대자동차,더 뉴 아이오닉5 2WD 롱레인지 19인치,5640000,2820000,1000000,300000
이천시,현대자동차,더 뉴 아이오닉5 2WD 롱레인지 19인치 빌트인 캠 미적용,5670000,2830000,1000000,300000
이천시,현대자동차,더 뉴 아이오닉5 2WD 롱레인지 20인치,5590000,2790000,1000000,300000
이천시,현대자동차,더 뉴 아이오닉5 2WD 롱레인지 N라인 20인치,5410000,2700000,1000000,300000
이천시,현대자동차,더 뉴 아이오닉5 2WD 스탠다드 19인치,4830000,2410000,970000,290000
이천시,현대자동차,더 뉴 아이오닉5 AWD 롱레인지 19인치,5580000,2790000,1000000,300000
이천시,현대자동차,더 뉴 아이오닉5 AWD 롱레인지 20인치,5320000,2660000,1000000,300000
이천시,현대자동차,더 뉴 아이오닉5 AWD 롱레인지 N라인 20인치,5100000,2550000,1000000,300000
이천시,현대자동차,더 뉴 아이오닉6 2WD 롱레인지 18인치,5700000,2850000,1000000,300000
이천시,현대자동차,더 뉴 아이오닉6 2WD 롱레인지 20인치,5700000,2850000,1000000,300000
이천시,현대자동차,더 뉴 아이오닉6 2WD 롱레인지 N라인 20인치,5700000,2850000,1000000,300000
이천시,현대자동차,더 뉴 아이오닉6 2WD 스탠다드 18인치,5600000,2800000,1000000,300000
이천시,현대자동차,더 뉴 아이오닉6 AWD 롱레인지 18인치,5700000,2850000,1000000,300000
이천시,현대자동차,더 뉴 아이오닉6 AWD 롱레인지 20인치,5530000,2760000,1000000,300000
이천시,현대자동차,더 뉴 아이오닉6 AWD 롱레인지 N라인 20인치,5370000,2680000,1000000,300000
이천시,현대자동차,스타리아 라운지 일렉트릭 7인승,2290000,1140000,460000,140000
이천시,현대자동차,스타리아 리무진 일렉트릭 6인승,2290000,1140000,460000,140000
이천시,현대자동차,아이오닉6 N,2500000,1250000,500000,150000
이천시,현대자동차,아이오닉9 성능형 AWD,2720000,1360000,540000,160000
이천시,현대자동차,아이오닉9 항속형 2WD,2740000,1370000,550000,170000
이천시,현대자동차,아이오닉9 항속형 AWD,2710000,1350000,540000,160000
이천시,현대자동차,캐스퍼 일렉트릭 기본형 15인치,4900000,2450000,980000,290000
이천시,현대자동차,캐스퍼 일렉트릭 크로스 17인치,4870000,2430000,970000,290000
이천시,현대자동차,캐스퍼 일렉트릭 항속형 15인치,4900000,2450000,980000,290000
이천시,현대자동차,캐스퍼 일렉트릭 항속형 17인치(라운지포함),4900000,2450000,980000,290000
이천시,현대자동차,코나 일렉트릭 2WD 롱레인지 17인치,5140000,2570000,1000000,300000
이천시,현대자동차,코나 일렉트릭 2WD 롱레인지 17인치 빌트인 캠 미적용,5140000,2570000,1000000,300000
이천시,현대자동차,코나 일렉트릭 2WD 롱레인지 19인치,4590000,2290000,920000,280000
이천시,현대자동차,코나 일렉트릭 2WD 스탠다드 17인치,4370000,2180000,870000,260000
안성시,BMW,MINI Aceman E,4000000,2400000,800000,240000
안성시,BMW,MINI Aceman SE,4000000,2400000,800000,240000
안성시,BMW,MINI Cooper SE,3960000,2370000,790000,240000
안성시,BMW,MINI Countryman E,2170000,1300000,430000,130000
안성시,BMW,MINI Countryman SE ALL4,2030000,1210000,410000,120000
안성시,BMW,MINI JCW Aceman E,1970000,1180000,390000,120000
안성시,BMW,MINI JCW E,1910000,1140000,380000,110000
안성시,BMW,i4 M60 LCI (71HD),2330000,1390000,470000,140000
안성시,BMW,i4 eDrive 40 LCI(21HD),2440000,1460000,490000,150000
안성시,BMW,i4 eDrive 40 LCI(61HD),2560000,1530000,510000,150000
안성시,BMW,i5 eDrive 40,2620000,1570000,520000,160000
안성시,BMW,iX1 eDrive20,2120000,1270000,420000,130000
안성시,BMW,iX1 xDrive30,1920000,1150000,380000,110000
안성시,BMW,iX2 eDrive20,2140000,1280000,430000,130000
안성시,BMW,iX3 50 xDrive,2750000,1650000,550000,170000
안성시,기아,EV3 GT,2480000,1480000,500000,150000
안성시,기아,EV3 롱레인지 2WD 17인치,5550000,3330000,1000000,300000
안성시,기아,EV3 롱레인지 2WD 19인치,5550000,3330000,1000000,300000
안성시,기아,EV3 롱레인지 4WD 19인치,5390000,3230000,1000000,300000
안성시,기아,EV3 스탠다드 2WD,4690000,2810000,940000,280000
안성시,기아,EV4 GT,2550000,1530000,510000,150000
안성시,기아,EV4 롱레인지 2WD 17인치,5550000,3330000,1000000,300000
안성시,기아,EV4 롱레인지 2WD 19인치,5550000,3330000,1000000,300000
안성시,기아,EV4 롱레인지 4WD 19인치,5540000,3320000,1000000,300000
안성시,기아,EV4 롱레인지 GTL 2WD 19인치,5550000,3330000,1000000,300000
안성시,기아,EV4 스탠다드 2WD 17인치,5120000,3070000,1000000,300000
안성시,기아,EV4 스탠다드 2WD 19인치,4810000,2880000,960000,290000
안성시,기아,EV5 GT,2320000,1390000,460000,140000
안성시,기아,EV5 롱레인지 2WD,5520000,3310000,1000000,300000
안성시,기아,EV5 롱레인지 4WD 18인치,4990000,2990000,1000000,300000
안성시,기아,EV5 롱레인지 4WD 19인치,4930000,2950000,990000,300000
안성시,기아,EV9 GT,2450000,1470000,490000,150000
안성시,기아,EV9 롱레인지 2WD 19인치,2700000,1620000,540000,160000
안성시,기아,EV9 롱레인지 2WD 20인치,2680000,1600000,540000,160000
안성시,기아,EV9 롱레인지 4WD 19인치,2540000,1520000,510000,150000
안성시,기아,EV9 롱레인지 4WD 21인치,2600000,1560000,520000,160000
안성시,기아,EV9 롱레인지 GTL 4WD 21인치,2520000,1510000,500000,150000
안성시,기아,EV9 스탠다드,2370000,1420000,470000,140000
안성시,기아,PV5 패신저 5인승 롱레인지,4580000,2740000,920000,280000
안성시,기아,Pv5 WAV(비용 미지원),6480000,3880000,1000000,300000
안성시,기아,Pv5 WAV(비용 지원),4480000,2680000,900000,270000
안성시,기아,(단종)The all-new Kia Niro EV,4890000,2930000,980000,290000
안성시,기아,더뉴EV6 롱레인지 2WD 19인치,5700000,3420000,1000000,300000
안성시,기아,더뉴EV6 롱레인지 2WD 20인치,5590000,3350000,1000000,300000
안성시,기아,더뉴EV6 롱레인지 4WD 19인치,5610000,3360000,1000000,300000
안성시,기아,더뉴EV6 롱레인지 4WD 20인치,5320000,3190000,1000000,300000
안성시,기아,더뉴EV6 스탠다드,5010000,3000000,1000000,300000
안성시,기아,레이 EV 2WD 14인치 1인승 밴,4570000,2740000,910000,270000
안성시,기아,레이 EV 2WD 14인치 2인승 밴,4570000,2740000,910000,270000
안성시,기아,레이 EV 2WD 14인치 4인승 승용,4570000,2740000,910000,270000
안성시,메르세데스벤츠코리아,EQA 250(Facelift),1900000,1140000,380000,110000
안성시,메르세데스벤츠코리아,EQB 300 4MATIC(Facelift),1540000,920000,310000,90000
안성시,메르세데스벤츠코리아,EQB 300 4MATIC(Facelift)(CY25/2),1620000,970000,320000,100000
안성시,볼보자동차코리아,볼보 EX30 Single Motor ER,2470000,1480000,490000,150000
안성시,볼보자동차코리아,볼보 EX30CC Twin Motor Perf,2220000,1330000,440000,130000
안성시,비와이디코리아,(단종)BYD ATTO 3,1260000,750000,250000,80000
안성시,비와이디코리아,(단종)BYD DOLPHIN,1090000,650000,220000,70000
안성시,비와이디코리아,(단종)BYD DOLPHIN Active,1320000,790000,260000,80000
안성시,비와이디코리아,(단종)BYD SEAL,1690000,1010000,340000,100000
안성시,비와이디코리아,(단종)BYD SEAL Dynamic AWD,1510000,900000,300000,90000
안성시,비와이디코리아,(단종)BYD SEALION 7,1520000,910000,300000,90000
안성시,케이지모빌리티,토레스 EVX 18인치,3540000,2120000,710000,210000
안성시,케이지모빌리티,토레스 EVX 18인치(2026),3610000,2160000,720000,220000
안성시,케이지모빌리티,토레스 EVX 20인치,3440000,2060000,690000,210000
안성시,케이지모빌리티,토레스 EVX 20인치(2026),3540000,2120000,710000,210000
안성시,케이지모빌리티,(단종)토레스 EVX 2WD 18인치,3270000,1960000,650000,200000
안성시,케이지모빌리티,(단종)토레스 EVX 2WD 20인치,3120000,1870000,620000,190000
안성시,테슬라코리아,Model 3 Performance,2000000,1200000,400000,120000
안성시,테슬라코리아,Model 3 Premium Long Range RWD,4200000,2520000,840000,250000
안성시,테슬라코리아,Model 3 Premium Long Range RWD(5999만원),2100000,1260000,420000,130000
안성시,테슬라코리아,Model 3 RWD,1680000,1000000,340000,100000
안성시,테슬라코리아,Model 3 RWD(2025),1680000,1000000,340000,100000
안성시,테슬라코리아,Model Y L AWD,2150000,1260000,430000,130000
안성시,테슬라코리아,Model Y Long Range(2025),2100000,1260000,420000,130000
안성시,테슬라코리아,Model Y Premium Long Range,2100000,1260000,420000,130000
안성시,테슬라코리아,Model Y Premium RWD,1700000,1020000,340000,100000
안성시,테슬라코리아,Model Y RWD(2025),1700000,1020000,340000,100000
안성시,폭스바겐그룹코리아,ID.4 Pro,4320000,2590000,860000,260000
안성시,폭스바겐그룹코리아,Q4 45 e-tron,2060000,1230000,410000,120000
안성시,폭스바겐그룹코리아,Q4 Sportback 45 e-tron,2060000,1230000,410000,120000
안성시,폭스바겐그룹코리아,(단종)Q6 e-tron performance,2200000,1320000,440000,130000
안성시,폭스바겐그룹코리아,iD.5 Pro,4730000,2830000,950000,290000
안성시,현대자동차,ELECTRIFIED G80,2700000,1620000,540000,160000
안성시,현대자동차,ELECTRIFIED GV70 AWD 19인치,2610000,1560000,520000,160000
안성시,현대자동차,ELECTRIFIED GV70 AWD 20인치,2450000,1470000,490000,150000
안성시,현대자동차,GV60 스탠다드 2WD 19인치,2850000,1710000,570000,170000
안성시,현대자동차,GV60 스탠다드 AWD 19인치,2720000,1630000,540000,160000
안성시,현대자동차,GV60 스탠다드 AWD 20인치,2610000,1560000,520000,160000
안성시,현대자동차,더 뉴 아이오닉5 2WD 롱레인지 19인치,5640000,3380000,1000000,300000
안성시,현대자동차,더 뉴 아이오닉5 2WD 롱레인지 19인치 빌트인 캠 미적용,5670000,3400000,1000000,300000
안성시,현대자동차,더 뉴 아이오닉5 2WD 롱레인지 20인치,5590000,3350000,1000000,300000
안성시,현대자동차,더 뉴 아이오닉5 2WD 롱레인지 N라인 20인치,5410000,3240000,1000000,300000
안성시,현대자동차,더 뉴 아이오닉5 2WD 스탠다드 19인치,4830000,2890000,970000,290000
안성시,현대자동차,더 뉴 아이오닉5 AWD 롱레인지 19인치,5580000,3340000,1000000,300000
안성시,현대자동차,더 뉴 아이오닉5 AWD 롱레인지 20인치,5320000,3190000,1000000,300000
안성시,현대자동차,더 뉴 아이오닉5 AWD 롱레인지 N라인 20인치,5100000,3060000,1000000,300000
안성시,현대자동차,더 뉴 아이오닉6 2WD 롱레인지 18인치,5700000,3420000,1000000,300000
안성시,현대자동차,더 뉴 아이오닉6 2WD 롱레인지 20인치,5700000,3420000,1000000,300000
안성시,현대자동차,더 뉴 아이오닉6 2WD 롱레인지 N라인 20인치,5700000,3420000,1000000,300000
안성시,현대자동차,더 뉴 아이오닉6 2WD 스탠다드 18인치,5600000,3360000,1000000,300000
안성시,현대자동차,더 뉴 아이오닉6 AWD 롱레인지 18인치,5700000,3420000,1000000,300000
안성시,현대자동차,더 뉴 아이오닉6 AWD 롱레인지 20인치,5530000,3310000,1000000,300000
안성시,현대자동차,더 뉴 아이오닉6 AWD 롱레인지 N라인 20인치,5370000,3220000,1000000,300000
안성시,현대자동차,스타리아 라운지 일렉트릭 7인승,2290000,1370000,460000,140000
안성시,현대자동차,스타리아 리무진 일렉트릭 6인승,2290000,1370000,460000,140000
안성시,현대자동차,아이오닉6 N,2500000,1500000,500000,150000
안성시,현대자동차,아이오닉9 성능형 AWD,2720000,1630000,540000,160000
안성시,현대자동차,아이오닉9 항속형 2WD,2740000,1640000,550000,170000
안성시,현대자동차,아이오닉9 항속형 AWD,2710000,1620000,540000,160000
안성시,현대자동차,캐스퍼 일렉트릭 기본형 15인치,4900000,2940000,980000,290000
안성시,현대자동차,캐스퍼 일렉트릭 크로스 17인치,4870000,2920000,970000,290000
안성시,현대자동차,캐스퍼 일렉트릭 항속형 15인치,4900000,2940000,980000,290000
안성시,현대자동차,캐스퍼 일렉트릭 항속형 17인치(라운지포함),4900000,2940000,980000,290000
안성시,현대자동차,코나 일렉트릭 2WD 롱레인지 17인치,5140000,3080000,1000000,300000
안성시,현대자동차,코나 일렉트릭 2WD 롱레인지 17인치 빌트인 캠 미적용,5140000,3080000,1000000,300000
안성시,현대자동차,코나 일렉트릭 2WD 롱레인지 19인치,4590000,2750000,920000,280000
안성시,현대자동차,코나 일렉트릭 2WD 스탠다드 17인치,4370000,2620000,870000,260000
김포시,BMW,MINI Aceman E,4000000,1600000,800000,240000
김포시,BMW,MINI Aceman SE,4000000,1600000,800000,240000
김포시,BMW,MINI Cooper SE,3960000,1580000,790000,240000
김포시,BMW,MINI Countryman E,2170000,860000,430000,130000
김포시,BMW,MINI Countryman SE ALL4,2030000,810000,410000,120000
김포시,BMW,MINI JCW Aceman E,1970000,780000,390000,120000
김포시,BMW,MINI JCW E,1910000,760000,380000,110000
김포시,BMW,i4 M60 LCI (71HD),2330000,930000,470000,140000
김포시,BMW,i4 eDrive 40 LCI(21HD),2440000,970000,490000,150000
김포시,BMW,i4 eDrive 40 LCI(61HD),2560000,1020000,510000,150000
김포시,BMW,i5 eDrive 40,2620000,1040000,520000,160000
김포시,BMW,iX1 eDrive20,2120000,840000,420000,130000
김포시,BMW,iX1 eDrive20(11HM),2350000,940000,470000,140000
김포시,BMW,iX1 xDrive30,1920000,760000,380000,110000
김포시,BMW,iX2 eDrive20,2140000,850000,430000,130000
김포시,BMW,iX2 eDrive20(71GN),2390000,950000,480000,140000
김포시,BMW,iX3 50 xDrive,2750000,1100000,550000,170000
김포시,기아,EV3 GT,2480000,990000,500000,150000
김포시,기아,EV3 롱레인지 2WD 17인치,5550000,2220000,1000000,300000
김포시,기아,EV3 롱레인지 2WD 19인치,5550000,2220000,1000000,300000
김포시,기아,EV3 롱레인지 4WD 19인치,5390000,2150000,1000000,300000
김포시,기아,EV3 스탠다드 2WD,4690000,1870000,940000,280000
김포시,기아,EV4 GT,2550000,1020000,510000,150000
김포시,기아,EV4 롱레인지 2WD 17인치,5550000,2220000,1000000,300000
김포시,기아,EV4 롱레인지 2WD 19인치,5550000,2220000,1000000,300000
김포시,기아,EV4 롱레인지 4WD 19인치,5540000,2210000,1000000,300000
김포시,기아,EV4 롱레인지 GTL 2WD 19인치,5550000,2220000,1000000,300000
김포시,기아,EV4 스탠다드 2WD 17인치,5120000,2040000,1000000,300000
김포시,기아,EV4 스탠다드 2WD 19인치,4810000,1920000,960000,290000
김포시,기아,EV5 GT,2320000,920000,460000,140000
김포시,기아,EV5 롱레인지 2WD,5520000,2200000,1000000,300000
김포시,기아,EV5 롱레인지 4WD 18인치,4990000,1990000,1000000,300000
김포시,기아,EV5 롱레인지 4WD 19인치,4930000,1970000,990000,300000
김포시,기아,EV9 GT,2450000,980000,490000,150000
김포시,기아,EV9 롱레인지 2WD 19인치,2700000,1080000,540000,160000
김포시,기아,EV9 롱레인지 2WD 20인치,2680000,1070000,540000,160000
김포시,기아,EV9 롱레인지 4WD 19인치,2540000,1010000,510000,150000
김포시,기아,EV9 롱레인지 4WD 21인치,2600000,1040000,520000,160000
김포시,기아,EV9 롱레인지 GTL 4WD 21인치,2520000,1000000,500000,150000
김포시,기아,EV9 스탠다드,2370000,940000,470000,140000
김포시,기아,PV5 패신저 5인승 롱레인지,4580000,1830000,920000,280000
김포시,기아,Pv5 WAV(비용 미지원),6480000,2590000,1000000,300000
김포시,기아,Pv5 WAV(비용 지원),4480000,1790000,900000,270000
김포시,기아,(단종)The all-new Kia Niro EV,4890000,1950000,980000,290000
김포시,기아,더뉴EV6 롱레인지 2WD 19인치,5700000,2280000,1000000,300000
김포시,기아,더뉴EV6 롱레인지 2WD 20인치,5590000,2230000,1000000,300000
김포시,기아,더뉴EV6 롱레인지 4WD 19인치,5610000,2240000,1000000,300000
김포시,기아,더뉴EV6 롱레인지 4WD 20인치,5320000,2120000,1000000,300000
김포시,기아,더뉴EV6 스탠다드,5010000,2000000,1000000,300000
김포시,기아,레이 EV 2WD 14인치 1인승 밴,4570000,1820000,910000,270000
김포시,기아,레이 EV 2WD 14인치 2인승 밴,4570000,1820000,910000,270000
김포시,기아,레이 EV 2WD 14인치 4인승 승용,4570000,1820000,910000,270000
김포시,메르세데스벤츠코리아,EQA 250(Facelift),1900000,760000,380000,110000
김포시,메르세데스벤츠코리아,EQB 300 4MATIC(Facelift),1540000,610000,310000,90000
김포시,메르세데스벤츠코리아,EQB 300 4MATIC(Facelift)(CY25/2),1620000,640000,320000,100000
김포시,볼보자동차코리아,볼보 EX30 Single Motor ER,2470000,980000,490000,150000
김포시,볼보자동차코리아,볼보 EX30CC Twin Motor Perf,2220000,880000,440000,130000
김포시,비와이디코리아,(단종)BYD ATTO 3,1260000,500000,250000,80000
김포시,비와이디코리아,(단종)BYD DOLPHIN,1090000,430000,220000,70000
김포시,비와이디코리아,(단종)BYD DOLPHIN Active,1320000,520000,260000,80000
김포시,비와이디코리아,(단종)BYD SEAL,1690000,670000,340000,100000
김포시,비와이디코리아,(단종)BYD SEAL Dynamic AWD,1510000,600000,300000,90000
김포시,비와이디코리아,(단종)BYD SEALION 7,1520000,600000,300000,90000
김포시,케이지모빌리티,토레스 EVX 18인치,3540000,1410000,710000,210000
김포시,케이지모빌리티,토레스 EVX 18인치(2026),3610000,1440000,720000,220000
김포시,케이지모빌리티,토레스 EVX 20인치,3440000,1370000,690000,210000
김포시,케이지모빌리티,토레스 EVX 20인치(2026),3540000,1410000,710000,210000
김포시,케이지모빌리티,(단종)토레스 EVX 2WD 18인치,3270000,1300000,650000,200000
김포시,케이지모빌리티,(단종)토레스 EVX 2WD 20인치,3120000,1240000,620000,190000
김포시,테슬라코리아,Model 3 Performance,2000000,800000,400000,120000
김포시,테슬라코리아,Model 3 Premium Long Range RWD,4200000,1680000,840000,250000
김포시,테슬라코리아,Model 3 Premium Long Range RWD(5999만원),2100000,840000,420000,130000
김포시,테슬라코리아,Model 3 RWD,1680000,670000,340000,100000
김포시,테슬라코리아,Model 3 RWD(2025),1680000,670000,340000,100000
김포시,테슬라코리아,Model Y L AWD,2150000,840000,430000,130000
김포시,테슬라코리아,Model Y Long Range(2025),2100000,840000,420000,130000
김포시,테슬라코리아,Model Y Premium Long Range,2100000,840000,420000,130000
김포시,테슬라코리아,Model Y Premium RWD,1700000,680000,340000,100000
김포시,테슬라코리아,Model Y RWD(2025),1700000,680000,340000,100000
김포시,폭스바겐그룹코리아,ID.4 Pro,4320000,1720000,860000,260000
김포시,폭스바겐그룹코리아,Q4 45 e-tron,2060000,820000,410000,120000
김포시,폭스바겐그룹코리아,Q4 Sportback 45 e-tron,2060000,820000,410000,120000
김포시,폭스바겐그룹코리아,(단종)Q6 e-tron performance,2200000,880000,440000,130000
김포시,폭스바겐그룹코리아,iD.5 Pro,4730000,1890000,950000,290000
김포시,폴스타오토모티브코리아,Polestar 4 Coupe Dual Motor,1680000,670000,340000,100000
김포시,폴스타오토모티브코리아,Polestar 4 Coupe Rear Motor,1810000,720000,360000,110000
김포시,현대자동차,ELECTRIFIED G80,2700000,1080000,540000,160000
김포시,현대자동차,ELECTRIFIED GV70 AWD 19인치,2610000,1040000,520000,160000
김포시,현대자동차,ELECTRIFIED GV70 AWD 20인치,2450000,980000,490000,150000
김포시,현대자동차,GV60 스탠다드 2WD 19인치,2850000,1140000,570000,170000
김포시,현대자동차,GV60 스탠다드 AWD 19인치,2720000,1080000,540000,160000
김포시,현대자동차,GV60 스탠다드 AWD 20인치,2610000,1040000,520000,160000
김포시,현대자동차,더 뉴 아이오닉5 2WD 롱레인지 19인치,5640000,2250000,1000000,300000
김포시,현대자동차,더 뉴 아이오닉5 2WD 롱레인지 19인치 빌트인 캠 미적용,5670000,2260000,1000000,300000
김포시,현대자동차,더 뉴 아이오닉5 2WD 롱레인지 20인치,5590000,2230000,1000000,300000
김포시,현대자동차,더 뉴 아이오닉5 2WD 롱레인지 N라인 20인치,5410000,2160000,1000000,300000
김포시,현대자동차,더 뉴 아이오닉5 2WD 스탠다드 19인치,4830000,1930000,970000,290000
김포시,현대자동차,더 뉴 아이오닉5 AWD 롱레인지 19인치,5580000,2230000,1000000,300000
김포시,현대자동차,더 뉴 아이오닉5 AWD 롱레인지 20인치,5320000,2120000,1000000,300000
김포시,현대자동차,더 뉴 아이오닉5 AWD 롱레인지 N라인 20인치,5100000,2040000,1000000,300000
김포시,현대자동차,더 뉴 아이오닉6 2WD 롱레인지 18인치,5700000,2280000,1000000,300000
김포시,현대자동차,더 뉴 아이오닉6 2WD 롱레인지 20인치,5700000,2280000,1000000,300000
김포시,현대자동차,더 뉴 아이오닉6 2WD 롱레인지 N라인 20인치,5700000,2280000,1000000,300000
김포시,현대자동차,더 뉴 아이오닉6 2WD 스탠다드 18인치,5600000,2240000,1000000,300000
김포시,현대자동차,더 뉴 아이오닉6 AWD 롱레인지 18인치,5700000,2280000,1000000,300000
김포시,현대자동차,더 뉴 아이오닉6 AWD 롱레인지 20인치,5530000,2210000,1000000,300000
김포시,현대자동차,더 뉴 아이오닉6 AWD 롱레인지 N라인 20인치,5370000,2140000,1000000,300000
김포시,현대자동차,스타리아 라운지 일렉트릭 7인승,2290000,910000,460000,140000
김포시,현대자동차,스타리아 리무진 일렉트릭 6인승,2290000,910000,460000,140000
김포시,현대자동차,아이오닉6 N,2500000,1000000,500000,150000
김포시,현대자동차,아이오닉9 성능형 AWD,2720000,1080000,540000,160000
김포시,현대자동차,아이오닉9 항속형 2WD,2740000,1090000,550000,170000
김포시,현대자동차,아이오닉9 항속형 AWD,2710000,1080000,540000,160000
김포시,현대자동차,캐스퍼 일렉트릭 기본형 15인치,4900000,1960000,980000,290000
김포시,현대자동차,캐스퍼 일렉트릭 크로스 17인치,4870000,1940000,970000,290000
김포시,현대자동차,캐스퍼 일렉트릭 항속형 15인치,4900000,1960000,980000,290000
김포시,현대자동차,캐스퍼 일렉트릭 항속형 17인치(라운지포함),4900000,1960000,980000,290000
김포시,현대자동차,코나 일렉트릭 2WD 롱레인지 17인치,5140000,2050000,1000000,300000
김포시,현대자동차,코나 일렉트릭 2WD 롱레인지 17인치 빌트인 캠 미적용,5140000,2050000,1000000,300000
김포시,현대자동차,코나 일렉트릭 2WD 롱레인지 19인치,4590000,1830000,920000,280000
김포시,현대자동차,코나 일렉트릭 2WD 스탠다드 17인치,4370000,1740000,870000,260000
화성시,BMW,MINI Aceman E,4000000,1330000,800000,260000
화성시,BMW,MINI Aceman SE,4000000,1330000,800000,260000
화성시,BMW,MINI Cooper SE,3960000,1320000,790000,260000
화성시,BMW,MINI Countryman E,2170000,720000,430000,140000
화성시,BMW,MINI Countryman SE ALL4,2030000,670000,410000,140000
화성시,BMW,MINI JCW Aceman E,1970000,650000,390000,130000
화성시,BMW,MINI JCW E,1910000,630000,380000,130000
화성시,BMW,i4 M60 LCI (71HD),2330000,770000,470000,160000
화성시,BMW,i4 eDrive 40 LCI(21HD),2440000,810000,490000,160000
화성시,BMW,i4 eDrive 40 LCI(61HD),2560000,850000,510000,170000
화성시,BMW,i5 eDrive 40,2620000,870000,520000,170000
화성시,BMW,iX1 eDrive20,2120000,700000,420000,140000
화성시,BMW,iX1 eDrive20(11HM),2350000,780000,470000,160000
화성시,BMW,iX1 xDrive30,1920000,640000,380000,130000
화성시,BMW,iX2 eDrive20,2140000,710000,430000,140000
화성시,BMW,iX2 eDrive20(71GN),2390000,790000,480000,160000
화성시,BMW,iX3 50 xDrive,2750000,910000,550000,180000
화성시,기아,EV3 GT,2480000,820000,500000,170000
화성시,기아,EV3 롱레인지 2WD 17인치,5550000,1850000,1000000,330000
화성시,기아,EV3 롱레인지 2WD 19인치,5550000,1850000,1000000,330000
화성시,기아,EV3 롱레인지 4WD 19인치,5390000,1790000,1000000,330000
화성시,기아,EV3 스탠다드 2WD,4690000,1560000,940000,310000
화성시,기아,EV4 GT,2550000,850000,510000,170000
화성시,기아,EV4 롱레인지 2WD 17인치,5550000,1850000,1000000,330000
화성시,기아,EV4 롱레인지 2WD 19인치,5550000,1850000,1000000,330000
화성시,기아,EV4 롱레인지 4WD 19인치,5540000,1840000,1000000,330000
화성시,기아,EV4 롱레인지 GTL 2WD 19인치,5550000,1850000,1000000,330000
화성시,기아,EV4 스탠다드 2WD 17인치,5120000,1700000,1000000,330000
화성시,기아,EV4 스탠다드 2WD 19인치,4810000,1600000,960000,320000
화성시,기아,EV5 GT,2320000,770000,460000,150000
화성시,기아,EV5 롱레인지 2WD,5520000,1840000,1000000,330000
화성시,기아,EV5 롱레인지 4WD 18인치,4990000,1660000,1000000,330000
화성시,기아,EV5 롱레인지 4WD 19인치,4930000,1640000,990000,330000
화성시,기아,EV9 GT,2450000,810000,490000,160000
화성시,기아,EV9 롱레인지 2WD 19인치,2700000,900000,540000,180000
화성시,기아,EV9 롱레인지 2WD 20인치,2680000,890000,540000,180000
화성시,기아,EV9 롱레인지 4WD 19인치,2540000,840000,510000,170000
화성시,기아,EV9 롱레인지 4WD 21인치,2600000,860000,520000,170000
화성시,기아,EV9 롱레인지 GTL 4WD 21인치,2520000,840000,500000,170000
화성시,기아,EV9 스탠다드,2370000,790000,470000,160000
화성시,기아,PV5 패신저 5인승 롱레인지,4580000,1520000,920000,300000
화성시,기아,Pv5 WAV(비용 미지원),6480000,2160000,1000000,330000
화성시,기아,Pv5 WAV(비용 지원),4480000,1490000,900000,300000
화성시,기아,(단종)The all-new Kia Niro EV,4890000,1630000,980000,320000
화성시,기아,더뉴EV6 롱레인지 2WD 19인치,5700000,1900000,1000000,330000
화성시,기아,더뉴EV6 롱레인지 2WD 20인치,5590000,1860000,1000000,330000
화성시,기아,더뉴EV6 롱레인지 4WD 19인치,5610000,1870000,1000000,330000
화성시,기아,더뉴EV6 롱레인지 4WD 20인치,5320000,1770000,1000000,330000
화성시,기아,더뉴EV6 스탠다드,5010000,1670000,1000000,330000
화성시,기아,레이 EV 2WD 14인치 1인승 밴,4570000,1520000,910000,300000
화성시,기아,레이 EV 2WD 14인치 2인승 밴,4570000,1520000,910000,300000
화성시,기아,레이 EV 2WD 14인치 4인승 승용,4570000,1520000,910000,300000
화성시,메르세데스벤츠코리아,EQA 250(Facelift),1900000,630000,380000,130000
화성시,메르세데스벤츠코리아,EQB 300 4MATIC(Facelift),1540000,510000,310000,100000
화성시,메르세데스벤츠코리아,EQB 300 4MATIC(Facelift)(CY25/2),1620000,540000,320000,110000
화성시,볼보자동차코리아,볼보 EX30 Single Motor ER,2470000,820000,490000,160000
화성시,볼보자동차코리아,볼보 EX30CC Twin Motor Perf,2220000,740000,440000,150000
화성시,비와이디코리아,(단종)BYD ATTO 3,1260000,420000,250000,80000
화성시,비와이디코리아,(단종)BYD DOLPHIN,1090000,360000,220000,70000
화성시,비와이디코리아,(단종)BYD DOLPHIN Active,1320000,440000,260000,90000
화성시,비와이디코리아,(단종)BYD SEAL,1690000,560000,340000,110000
화성시,비와이디코리아,(단종)BYD SEAL Dynamic AWD,1510000,500000,300000,100000
화성시,비와이디코리아,(단종)BYD SEALION 7,1520000,500000,300000,100000
화성시,케이지모빌리티,토레스 EVX 18인치,3540000,1180000,710000,230000
화성시,케이지모빌리티,토레스 EVX 18인치(2026),3610000,1200000,720000,240000
화성시,케이지모빌리티,토레스 EVX 20인치,3440000,1140000,690000,230000
화성시,케이지모빌리티,토레스 EVX 20인치(2026),3540000,1180000,710000,230000
화성시,케이지모빌리티,(단종)토레스 EVX 2WD 18인치,3270000,1090000,650000,210000
화성시,케이지모빌리티,(단종)토레스 EVX 2WD 20인치,3120000,1040000,620000,200000
화성시,테슬라코리아,Model 3 Performance,2000000,660000,400000,130000
화성시,테슬라코리아,Model 3 Premium Long Range RWD,4200000,1400000,840000,280000
화성시,테슬라코리아,Model 3 Premium Long Range RWD(5999만원),2100000,700000,420000,140000
화성시,테슬라코리아,Model 3 RWD,1680000,560000,340000,110000
화성시,테슬라코리아,Model 3 RWD(2025),1680000,560000,340000,110000
화성시,테슬라코리아,Model Y L AWD,2150000,710000,430000,140000
화성시,테슬라코리아,Model Y Long Range(2025),2100000,700000,420000,140000
화성시,테슬라코리아,Model Y Premium Long Range,2100000,700000,420000,140000
화성시,테슬라코리아,Model Y Premium RWD,1700000,560000,340000,110000
화성시,테슬라코리아,Model Y RWD(2025),1700000,560000,340000,110000
화성시,폭스바겐그룹코리아,ID.4 Pro,4320000,1440000,860000,280000
화성시,폭스바겐그룹코리아,Q4 45 e-tron,2060000,680000,410000,140000
화성시,폭스바겐그룹코리아,Q4 Sportback 45 e-tron,2060000,680000,410000,140000
화성시,폭스바겐그룹코리아,(단종)Q6 e-tron performance,2200000,730000,440000,150000
화성시,폭스바겐그룹코리아,iD.5 Pro,4730000,1570000,950000,310000
화성시,폴스타오토모티브코리아,Polestar 4 Coupe Dual Motor,1680000,560000,340000,110000
화성시,폴스타오토모티브코리아,Polestar 4 Coupe Rear Motor,1810000,600000,360000,120000
화성시,현대자동차,ELECTRIFIED G80,2700000,900000,540000,180000
화성시,현대자동차,ELECTRIFIED GV70 AWD 19인치,2610000,870000,520000,170000
화성시,현대자동차,ELECTRIFIED GV70 AWD 20인치,2450000,810000,490000,160000
화성시,현대자동차,GV60 스탠다드 2WD 19인치,2850000,950000,570000,190000
화성시,현대자동차,GV60 스탠다드 AWD 19인치,2720000,900000,540000,180000
화성시,현대자동차,GV60 스탠다드 AWD 20인치,2610000,870000,520000,170000
화성시,현대자동차,더 뉴 아이오닉5 2WD 롱레인지 19인치,5640000,1880000,1000000,330000
화성시,현대자동차,더 뉴 아이오닉5 2WD 롱레인지 19인치 빌트인 캠 미적용,5670000,1890000,1000000,330000
화성시,현대자동차,더 뉴 아이오닉5 2WD 롱레인지 20인치,5590000,1860000,1000000,330000
화성시,현대자동차,더 뉴 아이오닉5 2WD 롱레인지 N라인 20인치,5410000,1800000,1000000,330000
화성시,현대자동차,더 뉴 아이오닉5 2WD 스탠다드 19인치,4830000,1610000,970000,320000
화성시,현대자동차,더 뉴 아이오닉5 AWD 롱레인지 19인치,5580000,1860000,1000000,330000
화성시,현대자동차,더 뉴 아이오닉5 AWD 롱레인지 20인치,5320000,1770000,1000000,330000
화성시,현대자동차,더 뉴 아이오닉5 AWD 롱레인지 N라인 20인치,5100000,1700000,1000000,330000
화성시,현대자동차,더 뉴 아이오닉6 2WD 롱레인지 18인치,5700000,1900000,1000000,330000
화성시,현대자동차,더 뉴 아이오닉6 2WD 롱레인지 20인치,5700000,1900000,1000000,330000
화성시,현대자동차,더 뉴 아이오닉6 2WD 롱레인지 N라인 20인치,5700000,1900000,1000000,330000
화성시,현대자동차,더 뉴 아이오닉6 2WD 스탠다드 18인치,5600000,1860000,1000000,330000
화성시,현대자동차,더 뉴 아이오닉6 AWD 롱레인지 18인치,5700000,1900000,1000000,330000
화성시,현대자동차,더 뉴 아이오닉6 AWD 롱레인지 20인치,5530000,1840000,1000000,330000
화성시,현대자동차,더 뉴 아이오닉6 AWD 롱레인지 N라인 20인치,5370000,1790000,1000000,330000
화성시,현대자동차,스타리아 라운지 일렉트릭 7인승,2290000,760000,460000,150000
화성시,현대자동차,스타리아 리무진 일렉트릭 6인승,2290000,760000,460000,150000
화성시,현대자동차,아이오닉6 N,2500000,830000,500000,170000
화성시,현대자동차,아이오닉9 성능형 AWD,2720000,900000,540000,180000
화성시,현대자동차,아이오닉9 항속형 2WD,2740000,910000,550000,180000
화성시,현대자동차,아이오닉9 항속형 AWD,2710000,900000,540000,180000
화성시,현대자동차,캐스퍼 일렉트릭 기본형 15인치,4900000,1630000,980000,320000
화성시,현대자동차,캐스퍼 일렉트릭 크로스 17인치,4870000,1620000,970000,320000
화성시,현대자동차,캐스퍼 일렉트릭 항속형 15인치,4900000,1630000,980000,320000
화성시,현대자동차,캐스퍼 일렉트릭 항속형 17인치(라운지포함),4900000,1630000,980000,320000
화성시,현대자동차,코나 일렉트릭 2WD 롱레인지 17인치,5140000,1710000,1000000,330000
화성시,현대자동차,코나 일렉트릭 2WD 롱레인지 17인치 빌트인 캠 미적용,5140000,1710000,1000000,330000
화성시,현대자동차,코나 일렉트릭 2WD 롱레인지 19인치,4590000,1530000,920000,300000
화성시,현대자동차,코나 일렉트릭 2WD 스탠다드 17인치,4370000,1450000,870000,290000
광주시,BMW,MINI Aceman E,4000000,1200000,800000,240000
광주시,BMW,MINI Aceman SE,4000000,1200000,800000,240000
광주시,BMW,MINI Cooper SE,3960000,1180000,790000,240000
광주시,BMW,MINI Countryman E,2170000,650000,430000,130000
광주시,BMW,MINI Countryman SE ALL4,2030000,600000,410000,120000
광주시,BMW,MINI JCW Aceman E,1970000,590000,390000,120000
광주시,BMW,MINI JCW E,1910000,570000,380000,110000
광주시,BMW,i4 M60 LCI (71HD),2330000,690000,470000,140000
광주시,BMW,i4 eDrive 40 LCI(21HD),2440000,730000,490000,150000
광주시,BMW,i4 eDrive 40 LCI(61HD),2560000,760000,510000,150000
광주시,BMW,i5 eDrive 40,2620000,780000,520000,160000
광주시,BMW,iX1 eDrive20,2120000,630000,420000,130000
광주시,BMW,iX1 eDrive20(11HM),2350000,700000,470000,140000
광주시,BMW,iX1 xDrive30,1920000,570000,380000,110000
광주시,BMW,iX2 eDrive20,2140000,640000,430000,130000
광주시,BMW,iX2 eDrive20(71GN),2390000,710000,480000,140000
광주시,BMW,iX3 50 xDrive,2750000,820000,550000,170000
광주시,기아,EV3 GT,2480000,740000,500000,150000
광주시,기아,EV3 롱레인지 2WD 17인치,5550000,1660000,1000000,300000
광주시,기아,EV3 롱레인지 2WD 19인치,5550000,1660000,1000000,300000
광주시,기아,EV3 롱레인지 4WD 19인치,5390000,1610000,1000000,300000
광주시,기아,EV3 스탠다드 2WD,4690000,1400000,940000,280000
광주시,기아,EV4 GT,2550000,760000,510000,150000
광주시,기아,EV4 롱레인지 2WD 17인치,5550000,1660000,1000000,300000
광주시,기아,EV4 롱레인지 2WD 19인치,5550000,1660000,1000000,300000
광주시,기아,EV4 롱레인지 4WD 19인치,5540000,1660000,1000000,300000
광주시,기아,EV4 롱레인지 GTL 2WD 19인치,5550000,1660000,1000000,300000
광주시,기아,EV4 스탠다드 2WD 17인치,5120000,1530000,1000000,300000
광주시,기아,EV4 스탠다드 2WD 19인치,4810000,1440000,960000,290000
광주시,기아,EV5 GT,2320000,690000,460000,140000
광주시,기아,EV5 롱레인지 2WD,5520000,1650000,1000000,300000
광주시,기아,EV5 롱레인지 4WD 18인치,4990000,1490000,1000000,300000
광주시,기아,EV5 롱레인지 4WD 19인치,4930000,1470000,990000,300000
광주시,기아,EV9 GT,2450000,730000,490000,150000
광주시,기아,EV9 롱레인지 2WD 19인치,2700000,810000,540000,160000
광주시,기아,EV9 롱레인지 2WD 20인치,2680000,800000,540000,160000
광주시,기아,EV9 롱레인지 4WD 19인치,2540000,760000,510000,150000
광주시,기아,EV9 롱레인지 4WD 21인치,2600000,780000,520000,160000
광주시,기아,EV9 롱레인지 GTL 4WD 21인치,2520000,750000,500000,150000
광주시,기아,EV9 스탠다드,2370000,710000,470000,140000
광주시,기아,PV5 패신저 5인승 롱레인지,4580000,1370000,920000,280000
광주시,기아,Pv5 WAV(비용 미지원),6480000,1940000,1000000,300000
광주시,기아,Pv5 WAV(비용 지원),4480000,1340000,900000,270000
광주시,기아,(단종)The all-new Kia Niro EV,4890000,1460000,980000,290000
광주시,기아,더뉴EV6 롱레인지 2WD 19인치,5700000,1710000,1000000,300000
광주시,기아,더뉴EV6 롱레인지 2WD 20인치,5590000,1670000,1000000,300000
광주시,기아,더뉴EV6 롱레인지 4WD 19인치,5610000,1680000,1000000,300000
광주시,기아,더뉴EV6 롱레인지 4WD 20인치,5320000,1590000,1000000,300000
광주시,기아,더뉴EV6 스탠다드,5010000,1500000,1000000,300000
광주시,기아,레이 EV 2WD 14인치 1인승 밴,4570000,1370000,910000,270000
광주시,기아,레이 EV 2WD 14인치 2인승 밴,4570000,1370000,910000,270000
광주시,기아,레이 EV 2WD 14인치 4인승 승용,4570000,1370000,910000,270000
광주시,메르세데스벤츠코리아,EQA 250(Facelift),1900000,570000,380000,110000
광주시,메르세데스벤츠코리아,EQB 300 4MATIC(Facelift),1540000,460000,310000,90000
광주시,메르세데스벤츠코리아,EQB 300 4MATIC(Facelift)(CY25/2),1620000,480000,320000,100000
광주시,볼보자동차코리아,볼보 EX30 Single Motor ER,2470000,740000,490000,150000
광주시,볼보자동차코리아,볼보 EX30CC Twin Motor Perf,2220000,660000,440000,130000
광주시,비와이디코리아,(단종)BYD ATTO 3,1260000,370000,250000,80000
광주시,비와이디코리아,(단종)BYD DOLPHIN,1090000,320000,220000,70000
광주시,비와이디코리아,(단종)BYD DOLPHIN Active,1320000,390000,260000,80000
광주시,비와이디코리아,(단종)BYD SEAL,1690000,500000,340000,100000
광주시,비와이디코리아,(단종)BYD SEAL Dynamic AWD,1510000,450000,300000,90000
광주시,비와이디코리아,(단종)BYD SEALION 7,1520000,450000,300000,90000
광주시,케이지모빌리티,토레스 EVX 18인치,3540000,1060000,710000,210000
광주시,케이지모빌리티,토레스 EVX 18인치(2026),3610000,1080000,720000,220000
광주시,케이지모빌리티,토레스 EVX 20인치,3440000,1030000,690000,210000
광주시,케이지모빌리티,토레스 EVX 20인치(2026),3540000,1060000,710000,210000
광주시,케이지모빌리티,(단종)토레스 EVX 2WD 18인치,3270000,980000,650000,200000
광주시,케이지모빌리티,(단종)토레스 EVX 2WD 20인치,3120000,930000,620000,190000
광주시,테슬라코리아,Model 3 Performance,2000000,600000,400000,120000
광주시,테슬라코리아,Model 3 Premium Long Range RWD,4200000,1260000,840000,250000
광주시,테슬라코리아,Model 3 Premium Long Range RWD(5999만원),2100000,630000,420000,130000
광주시,테슬라코리아,Model 3 RWD,1680000,500000,340000,100000
광주시,테슬라코리아,Model 3 RWD(2025),1680000,500000,340000,100000
광주시,테슬라코리아,Model Y L AWD,2150000,640000,430000,130000
광주시,테슬라코리아,Model Y Long Range(2025),2100000,630000,420000,130000
광주시,테슬라코리아,Model Y Premium Long Range,2100000,630000,420000,130000
광주시,테슬라코리아,Model Y Premium RWD,1700000,510000,340000,100000
광주시,테슬라코리아,Model Y RWD(2025),1700000,510000,340000,100000
광주시,폭스바겐그룹코리아,ID.4 Pro,4320000,1290000,860000,260000
광주시,폭스바겐그룹코리아,Q4 45 e-tron,2060000,610000,410000,120000
광주시,폭스바겐그룹코리아,Q4 Sportback 45 e-tron,2060000,610000,410000,120000
광주시,폭스바겐그룹코리아,(단종)Q6 e-tron performance,2200000,660000,440000,130000
광주시,폭스바겐그룹코리아,iD.5 Pro,4730000,1410000,950000,290000
광주시,폴스타오토모티브코리아,Polestar 4 Coupe Dual Motor,1680000,500000,340000,100000
광주시,폴스타오토모티브코리아,Polestar 4 Coupe Rear Motor,1810000,540000,360000,110000
광주시,현대자동차,ELECTRIFIED G80,2700000,810000,540000,160000
광주시,현대자동차,ELECTRIFIED GV70 AWD 19인치,2610000,780000,520000,160000
광주시,현대자동차,ELECTRIFIED GV70 AWD 20인치,2450000,730000,490000,150000
광주시,현대자동차,GV60 스탠다드 2WD 19인치,2850000,850000,570000,170000
광주시,현대자동차,GV60 스탠다드 AWD 19인치,2720000,810000,540000,160000
광주시,현대자동차,GV60 스탠다드 AWD 20인치,2610000,780000,520000,160000
광주시,현대자동차,더 뉴 아이오닉5 2WD 롱레인지 19인치,5640000,1690000,1000000,300000
광주시,현대자동차,더 뉴 아이오닉5 2WD 롱레인지 19인치 빌트인 캠 미적용,5670000,1700000,1000000,300000
광주시,현대자동차,더 뉴 아이오닉5 2WD 롱레인지 20인치,5590000,1670000,1000000,300000
광주시,현대자동차,더 뉴 아이오닉5 2WD 롱레인지 N라인 20인치,5410000,1620000,1000000,300000
광주시,현대자동차,더 뉴 아이오닉5 2WD 스탠다드 19인치,4830000,1440000,970000,290000
광주시,현대자동차,더 뉴 아이오닉5 AWD 롱레인지 19인치,5580000,1670000,1000000,300000
광주시,현대자동차,더 뉴 아이오닉5 AWD 롱레인지 20인치,5320000,1590000,1000000,300000
광주시,현대자동차,더 뉴 아이오닉5 AWD 롱레인지 N라인 20인치,5100000,1530000,1000000,300000
광주시,현대자동차,더 뉴 아이오닉6 2WD 롱레인지 18인치,5700000,1710000,1000000,300000
광주시,현대자동차,더 뉴 아이오닉6 2WD 롱레인지 20인치,5700000,1710000,1000000,300000
광주시,현대자동차,더 뉴 아이오닉6 2WD 롱레인지 N라인 20인치,5700000,1710000,1000000,300000
광주시,현대자동차,더 뉴 아이오닉6 2WD 스탠다드 18인치,5600000,1680000,1000000,300000
광주시,현대자동차,더 뉴 아이오닉6 AWD 롱레인지 18인치,5700000,1710000,1000000,300000
광주시,현대자동차,더 뉴 아이오닉6 AWD 롱레인지 20인치,5530000,1650000,1000000,300000
광주시,현대자동차,더 뉴 아이오닉6 AWD 롱레인지 N라인 20인치,5370000,1610000,1000000,300000
광주시,현대자동차,스타리아 라운지 일렉트릭 7인승,2290000,680000,460000,140000
광주시,현대자동차,스타리아 리무진 일렉트릭 6인승,2290000,680000,460000,140000
광주시,현대자동차,아이오닉6 N,2500000,750000,500000,150000
광주시,현대자동차,아이오닉9 성능형 AWD,2720000,810000,540000,160000
광주시,현대자동차,아이오닉9 항속형 2WD,2740000,820000,550000,170000
광주시,현대자동차,아이오닉9 항속형 AWD,2710000,810000,540000,160000
광주시,현대자동차,캐스퍼 일렉트릭 기본형 15인치,4900000,1470000,980000,290000
광주시,현대자동차,캐스퍼 일렉트릭 크로스 17인치,4870000,1460000,970000,290000
광주시,현대자동차,캐스퍼 일렉트릭 항속형 15인치,4900000,1470000,980000,290000
광주시,현대자동차,캐스퍼 일렉트릭 항속형 17인치(라운지포함),4900000,1470000,980000,290000
광주시,현대자동차,코나 일렉트릭 2WD 롱레인지 17인치,5140000,1540000,1000000,300000
광주시,현대자동차,코나 일렉트릭 2WD 롱레인지 17인치 빌트인 캠 미적용,5140000,1540000,1000000,300000
광주시,현대자동차,코나 일렉트릭 2WD 롱레인지 19인치,4590000,1370000,920000,280000
광주시,현대자동차,코나 일렉트릭 2WD 스탠다드 17인치,4370000,1310000,870000,260000
양주시,BMW,MINI Aceman E,4000000,1660000,800000,240000
양주시,BMW,MINI Aceman SE,4000000,1660000,800000,240000
양주시,BMW,MINI Cooper SE,3960000,1650000,790000,240000
양주시,BMW,MINI Countryman E,2170000,900000,430000,130000
양주시,BMW,MINI Countryman SE ALL4,2030000,840000,410000,120000
양주시,BMW,MINI JCW Aceman E,1970000,820000,390000,120000
양주시,BMW,MINI JCW E,1910000,790000,380000,110000
양주시,BMW,i4 M60 LCI (71HD),2330000,970000,470000,140000
양주시,BMW,i4 eDrive 40 LCI(21HD),2440000,1010000,490000,150000
양주시,BMW,i4 eDrive 40 LCI(61HD),2560000,1060000,510000,150000
양주시,BMW,i5 eDrive 40,2620000,1090000,520000,160000
양주시,BMW,iX1 eDrive20,2120000,880000,420000,130000
양주시,BMW,iX1 eDrive20(11HM),2350000,970000,470000,140000
양주시,BMW,iX1 xDrive30,1920000,800000,380000,110000
양주시,BMW,iX2 eDrive20,2140000,890000,430000,130000
양주시,BMW,iX2 eDrive20(71GN),2390000,990000,480000,140000
양주시,BMW,iX3 50 xDrive,2750000,1140000,550000,170000
양주시,기아,EV3 GT,2480000,1030000,500000,150000
양주시,기아,EV3 롱레인지 2WD 17인치,5550000,2310000,1000000,300000
양주시,기아,EV3 롱레인지 2WD 19인치,5550000,2310000,1000000,300000
양주시,기아,EV3 롱레인지 4WD 19인치,5390000,2240000,1000000,300000
양주시,기아,EV3 스탠다드 2WD,4690000,1950000,940000,280000
양주시,기아,EV4 GT,2550000,1060000,510000,150000
양주시,기아,EV4 롱레인지 2WD 17인치,5550000,2310000,1000000,300000
양주시,기아,EV4 롱레인지 2WD 19인치,5550000,2310000,1000000,300000
양주시,기아,EV4 롱레인지 4WD 19인치,5540000,2300000,1000000,300000
양주시,기아,EV4 롱레인지 GTL 2WD 19인치,5550000,2310000,1000000,300000
양주시,기아,EV4 스탠다드 2WD 17인치,5120000,2130000,1000000,300000
양주시,기아,EV4 스탠다드 2WD 19인치,4810000,2000000,960000,290000
양주시,기아,EV5 GT,2320000,960000,460000,140000
양주시,기아,EV5 롱레인지 2WD,5520000,2300000,1000000,300000
양주시,기아,EV5 롱레인지 4WD 18인치,4990000,2070000,1000000,300000
양주시,기아,EV5 롱레인지 4WD 19인치,4930000,2050000,990000,300000
양주시,기아,EV9 GT,2450000,1020000,490000,150000
양주시,기아,EV9 롱레인지 2WD 19인치,2700000,1120000,540000,160000
양주시,기아,EV9 롱레인지 2WD 20인치,2680000,1110000,540000,160000
양주시,기아,EV9 롱레인지 4WD 19인치,2540000,1050000,510000,150000
양주시,기아,EV9 롱레인지 4WD 21인치,2600000,1080000,520000,160000
양주시,기아,EV9 롱레인지 GTL 4WD 21인치,2520000,1050000,500000,150000
양주시,기아,EV9 스탠다드,2370000,980000,470000,140000
양주시,기아,PV5 패신저 5인승 롱레인지,4580000,1900000,920000,280000
양주시,기아,Pv5 WAV(비용 미지원),6480000,2700000,1000000,300000
양주시,기아,Pv5 WAV(비용 지원),4480000,1860000,900000,270000
양주시,기아,(단종)The all-new Kia Niro EV,4890000,2030000,980000,290000
양주시,기아,더뉴EV6 롱레인지 2WD 19인치,5700000,2370000,1000000,300000
양주시,기아,더뉴EV6 롱레인지 2WD 20인치,5590000,2320000,1000000,300000
양주시,기아,더뉴EV6 롱레인지 4WD 19인치,5610000,2330000,1000000,300000
양주시,기아,더뉴EV6 롱레인지 4WD 20인치,5320000,2210000,1000000,300000
양주시,기아,더뉴EV6 스탠다드,5010000,2080000,1000000,300000
양주시,기아,레이 EV 2WD 14인치 1인승 밴,4570000,1900000,910000,270000
양주시,기아,레이 EV 2WD 14인치 2인승 밴,4570000,1900000,910000,270000
양주시,기아,레이 EV 2WD 14인치 4인승 승용,4570000,1900000,910000,270000
양주시,메르세데스벤츠코리아,EQA 250(Facelift),1900000,790000,380000,110000
양주시,메르세데스벤츠코리아,EQB 300 4MATIC(Facelift),1540000,640000,310000,90000
양주시,메르세데스벤츠코리아,EQB 300 4MATIC(Facelift)(CY25/2),1620000,670000,320000,100000
양주시,볼보자동차코리아,볼보 EX30 Single Motor ER,2470000,1020000,490000,150000
양주시,볼보자동차코리아,볼보 EX30CC Twin Motor Perf,2220000,920000,440000,130000
양주시,비와이디코리아,(단종)BYD ATTO 3,1260000,520000,250000,80000
양주시,비와이디코리아,(단종)BYD DOLPHIN,1090000,450000,220000,70000
양주시,비와이디코리아,(단종)BYD DOLPHIN Active,1320000,550000,260000,80000
양주시,비와이디코리아,(단종)BYD SEAL,1690000,700000,340000,100000
양주시,비와이디코리아,(단종)BYD SEAL Dynamic AWD,1510000,620000,300000,90000
양주시,비와이디코리아,(단종)BYD SEALION 7,1520000,630000,300000,90000
양주시,케이지모빌리티,토레스 EVX 18인치,3540000,1470000,710000,210000
양주시,케이지모빌리티,토레스 EVX 18인치(2026),3610000,1500000,720000,220000
양주시,케이지모빌리티,토레스 EVX 20인치,3440000,1430000,690000,210000
양주시,케이지모빌리티,토레스 EVX 20인치(2026),3540000,1470000,710000,210000
양주시,케이지모빌리티,(단종)토레스 EVX 2WD 18인치,3270000,1360000,650000,200000
양주시,케이지모빌리티,(단종)토레스 EVX 2WD 20인치,3120000,1300000,620000,190000
양주시,테슬라코리아,Model 3 Performance,2000000,830000,400000,120000
양주시,테슬라코리아,Model 3 Premium Long Range RWD,4200000,1750000,840000,250000
양주시,테슬라코리아,Model 3 Premium Long Range RWD(5999만원),2100000,870000,420000,130000
양주시,테슬라코리아,Model 3 RWD,1680000,700000,340000,100000
양주시,테슬라코리아,Model 3 RWD(2025),1680000,700000,340000,100000
양주시,테슬라코리아,Model Y L AWD,2150000,890000,430000,130000
양주시,테슬라코리아,Model Y Long Range(2025),2100000,870000,420000,130000
양주시,테슬라코리아,Model Y Premium Long Range,2100000,870000,420000,130000
양주시,테슬라코리아,Model Y Premium RWD,1700000,700000,340000,100000
양주시,테슬라코리아,Model Y RWD(2025),1700000,700000,340000,100000
양주시,폭스바겐그룹코리아,ID.4 Pro,4320000,1800000,860000,260000
양주시,폭스바겐그룹코리아,Q4 45 e-tron,2060000,850000,410000,120000
양주시,폭스바겐그룹코리아,Q4 Sportback 45 e-tron,2060000,850000,410000,120000
양주시,폭스바겐그룹코리아,(단종)Q6 e-tron performance,2200000,910000,440000,130000
양주시,폭스바겐그룹코리아,iD.5 Pro,4730000,1970000,950000,290000
양주시,폴스타오토모티브코리아,Polestar 4 Coupe Dual Motor,1680000,700000,340000,100000
양주시,폴스타오토모티브코리아,Polestar 4 Coupe Rear Motor,1810000,750000,360000,110000
양주시,현대자동차,ELECTRIFIED G80,2700000,1120000,540000,160000
양주시,현대자동차,ELECTRIFIED GV70 AWD 19인치,2610000,1080000,520000,160000
양주시,현대자동차,ELECTRIFIED GV70 AWD 20인치,2450000,1020000,490000,150000
양주시,현대자동차,GV60 스탠다드 2WD 19인치,2850000,1180000,570000,170000
양주시,현대자동차,GV60 스탠다드 AWD 19인치,2720000,1130000,540000,160000
양주시,현대자동차,GV60 스탠다드 AWD 20인치,2610000,1080000,520000,160000
양주시,현대자동차,더 뉴 아이오닉5 2WD 롱레인지 19인치,5640000,2350000,1000000,300000
양주시,현대자동차,더 뉴 아이오닉5 2WD 롱레인지 19인치 빌트인 캠 미적용,5670000,2360000,1000000,300000
양주시,현대자동차,더 뉴 아이오닉5 2WD 롱레인지 20인치,5590000,2320000,1000000,300000
양주시,현대자동차,더 뉴 아이오닉5 2WD 롱레인지 N라인 20인치,5410000,2250000,1000000,300000
양주시,현대자동차,더 뉴 아이오닉5 2WD 스탠다드 19인치,4830000,2010000,970000,290000
양주시,현대자동차,더 뉴 아이오닉5 AWD 롱레인지 19인치,5580000,2320000,1000000,300000
양주시,현대자동차,더 뉴 아이오닉5 AWD 롱레인지 20인치,5320000,2210000,1000000,300000
양주시,현대자동차,더 뉴 아이오닉5 AWD 롱레인지 N라인 20인치,5100000,2120000,1000000,300000
양주시,현대자동차,더 뉴 아이오닉6 2WD 롱레인지 18인치,5700000,2370000,1000000,300000
양주시,현대자동차,더 뉴 아이오닉6 2WD 롱레인지 20인치,5700000,2370000,1000000,300000
양주시,현대자동차,더 뉴 아이오닉6 2WD 롱레인지 N라인 20인치,5700000,2370000,1000000,300000
양주시,현대자동차,더 뉴 아이오닉6 2WD 스탠다드 18인치,5600000,2330000,1000000,300000
양주시,현대자동차,더 뉴 아이오닉6 AWD 롱레인지 18인치,5700000,2370000,1000000,300000
양주시,현대자동차,더 뉴 아이오닉6 AWD 롱레인지 20인치,5530000,2300000,1000000,300000
양주시,현대자동차,더 뉴 아이오닉6 AWD 롱레인지 N라인 20인치,5370000,2230000,1000000,300000
양주시,현대자동차,스타리아 라운지 일렉트릭 7인승,2290000,950000,460000,140000
양주시,현대자동차,스타리아 리무진 일렉트릭 6인승,2290000,950000,460000,140000
양주시,현대자동차,아이오닉6 N,2500000,1040000,500000,150000
양주시,현대자동차,아이오닉9 성능형 AWD,2720000,1130000,540000,160000
양주시,현대자동차,아이오닉9 항속형 2WD,2740000,1140000,550000,170000
양주시,현대자동차,아이오닉9 항속형 AWD,2710000,1120000,540000,160000
양주시,현대자동차,캐스퍼 일렉트릭 기본형 15인치,4900000,2040000,980000,290000
양주시,현대자동차,캐스퍼 일렉트릭 크로스 17인치,4870000,2020000,970000,290000
양주시,현대자동차,캐스퍼 일렉트릭 항속형 15인치,4900000,2040000,980000,290000
양주시,현대자동차,캐스퍼 일렉트릭 항속형 17인치(라운지포함),4900000,2040000,980000,290000
양주시,현대자동차,코나 일렉트릭 2WD 롱레인지 17인치,5140000,2140000,1000000,300000
양주시,현대자동차,코나 일렉트릭 2WD 롱레인지 17인치 빌트인 캠 미적용,5140000,2140000,1000000,300000
양주시,현대자동차,코나 일렉트릭 2WD 롱레인지 19인치,4590000,1910000,920000,280000
양주시,현대자동차,코나 일렉트릭 2WD 스탠다드 17인치,4370000,1820000,870000,260000
포천시,BMW,MINI Aceman E,4000000,1600000,800000,240000
포천시,BMW,MINI Aceman SE,4000000,1600000,800000,240000
포천시,BMW,MINI Cooper SE,3960000,1580000,790000,240000
포천시,BMW,MINI Countryman E,2170000,860000,430000,130000
포천시,BMW,MINI Countryman SE ALL4,2030000,810000,410000,120000
포천시,BMW,MINI JCW Aceman E,1970000,780000,390000,120000
포천시,BMW,MINI JCW E,1910000,760000,380000,110000
포천시,BMW,i4 M60 LCI (71HD),2330000,930000,470000,140000
포천시,BMW,i4 eDrive 40 LCI(21HD),2440000,970000,490000,150000
포천시,BMW,i4 eDrive 40 LCI(61HD),2560000,1020000,510000,150000
포천시,BMW,i5 eDrive 40,2620000,1040000,520000,160000
포천시,BMW,iX1 eDrive20,2120000,840000,420000,130000
포천시,BMW,iX1 xDrive30,1920000,760000,380000,110000
포천시,BMW,iX2 eDrive20,2140000,850000,430000,130000
포천시,기아,EV3 GT,2480000,990000,500000,150000
포천시,기아,EV3 롱레인지 2WD 17인치,5550000,2220000,1000000,300000
포천시,기아,EV3 롱레인지 2WD 19인치,5550000,2220000,1000000,300000
포천시,기아,EV3 롱레인지 4WD 19인치,5390000,2150000,1000000,300000
포천시,기아,EV3 스탠다드 2WD,4690000,1870000,940000,280000
포천시,기아,EV4 GT,2550000,1020000,510000,150000
포천시,기아,EV4 롱레인지 2WD 17인치,5550000,2220000,1000000,300000
포천시,기아,EV4 롱레인지 2WD 19인치,5550000,2220000,1000000,300000
포천시,기아,EV4 롱레인지 4WD 19인치,5540000,2210000,1000000,300000
포천시,기아,EV4 롱레인지 GTL 2WD 19인치,5550000,2220000,1000000,300000
포천시,기아,EV4 스탠다드 2WD 17인치,5120000,2040000,1000000,300000
포천시,기아,EV4 스탠다드 2WD 19인치,4810000,1920000,960000,290000
포천시,기아,EV5 GT,2320000,920000,460000,140000
포천시,기아,EV5 롱레인지 2WD,5520000,2200000,1000000,300000
포천시,기아,EV5 롱레인지 4WD 18인치,4990000,1990000,1000000,300000
포천시,기아,EV5 롱레인지 4WD 19인치,4930000,1970000,990000,300000
포천시,기아,EV9 GT,2450000,980000,490000,150000
포천시,기아,EV9 롱레인지 2WD 19인치,2700000,1080000,540000,160000
포천시,기아,EV9 롱레인지 2WD 20인치,2680000,1070000,540000,160000
포천시,기아,EV9 롱레인지 4WD 19인치,2540000,1010000,510000,150000
포천시,기아,EV9 롱레인지 4WD 21인치,2600000,1040000,520000,160000
포천시,기아,EV9 롱레인지 GTL 4WD 21인치,2520000,1000000,500000,150000
포천시,기아,EV9 스탠다드,2370000,940000,470000,140000
포천시,기아,PV5 패신저 5인승 롱레인지,4580000,1830000,920000,280000
포천시,기아,Pv5 WAV(비용 미지원),6480000,2590000,1000000,300000
포천시,기아,Pv5 WAV(비용 지원),4480000,1790000,900000,270000
포천시,기아,(단종)The all-new Kia Niro EV,4890000,1950000,980000,290000
포천시,기아,더뉴EV6 롱레인지 2WD 19인치,5700000,2280000,1000000,300000
포천시,기아,더뉴EV6 롱레인지 2WD 20인치,5590000,2230000,1000000,300000
포천시,기아,더뉴EV6 롱레인지 4WD 19인치,5610000,2240000,1000000,300000
포천시,기아,더뉴EV6 롱레인지 4WD 20인치,5320000,2120000,1000000,300000
포천시,기아,더뉴EV6 스탠다드,5010000,2000000,1000000,300000
포천시,기아,레이 EV 2WD 14인치 1인승 밴,4570000,1820000,910000,270000
포천시,기아,레이 EV 2WD 14인치 2인승 밴,4570000,1820000,910000,270000
포천시,기아,레이 EV 2WD 14인치 4인승 승용,4570000,1820000,910000,270000
포천시,메르세데스벤츠코리아,EQA 250(Facelift),1900000,760000,380000,110000
포천시,메르세데스벤츠코리아,EQB 300 4MATIC(Facelift),1540000,610000,310000,90000
포천시,메르세데스벤츠코리아,EQB 300 4MATIC(Facelift)(CY25/2),1620000,640000,320000,100000
포천시,볼보자동차코리아,볼보 EX30 Single Motor ER,2470000,980000,490000,150000
포천시,볼보자동차코리아,볼보 EX30CC Twin Motor Perf,2220000,880000,440000,130000
포천시,비와이디코리아,(단종)BYD ATTO 3,1260000,500000,250000,80000
포천시,비와이디코리아,(단종)BYD DOLPHIN,1090000,430000,220000,70000
포천시,비와이디코리아,(단종)BYD DOLPHIN Active,1320000,520000,260000,80000
포천시,비와이디코리아,(단종)BYD SEAL,1690000,670000,340000,100000
포천시,비와이디코리아,(단종)BYD SEAL Dynamic AWD,1510000,600000,300000,90000
포천시,비와이디코리아,(단종)BYD SEALION 7,1520000,600000,300000,90000
포천시,케이지모빌리티,토레스 EVX 18인치,3540000,1410000,710000,210000
포천시,케이지모빌리티,토레스 EVX 18인치(2026),3610000,1440000,720000,220000
포천시,케이지모빌리티,토레스 EVX 20인치,3440000,1370000,690000,210000
포천시,케이지모빌리티,토레스 EVX 20인치(2026),3540000,1410000,710000,210000
포천시,케이지모빌리티,(단종)토레스 EVX 2WD 18인치,3270000,1300000,650000,200000
포천시,케이지모빌리티,(단종)토레스 EVX 2WD 20인치,3120000,1240000,620000,190000
포천시,테슬라코리아,Model 3 Performance,2000000,800000,400000,120000
포천시,테슬라코리아,Model 3 Premium Long Range RWD,4200000,1680000,840000,250000
포천시,테슬라코리아,Model 3 RWD,1680000,670000,340000,100000
포천시,테슬라코리아,Model 3 RWD(2025),1680000,670000,340000,100000
포천시,테슬라코리아,Model Y L AWD,2150000,840000,430000,130000
포천시,테슬라코리아,Model Y Long Range(2025),2100000,840000,420000,130000
포천시,테슬라코리아,Model Y Premium Long Range,2100000,840000,420000,130000
포천시,테슬라코리아,Model Y Premium RWD,1700000,680000,340000,100000
포천시,테슬라코리아,Model Y RWD(2025),1700000,680000,340000,100000
포천시,폭스바겐그룹코리아,ID.4 Pro,4320000,1720000,860000,260000
포천시,폭스바겐그룹코리아,Q4 45 e-tron,2060000,820000,410000,120000
포천시,폭스바겐그룹코리아,Q4 Sportback 45 e-tron,2060000,820000,410000,120000
포천시,폭스바겐그룹코리아,(단종)Q6 e-tron performance,2200000,880000,440000,130000
포천시,현대자동차,ELECTRIFIED G80,2700000,1080000,540000,160000
포천시,현대자동차,ELECTRIFIED GV70 AWD 19인치,2610000,1040000,520000,160000
포천시,현대자동차,ELECTRIFIED GV70 AWD 20인치,2450000,980000,490000,150000
포천시,현대자동차,GV60 스탠다드 2WD 19인치,2850000,1140000,570000,170000
포천시,현대자동차,GV60 스탠다드 AWD 19인치,2720000,1080000,540000,160000
포천시,현대자동차,GV60 스탠다드 AWD 20인치,2610000,1040000,520000,160000
포천시,현대자동차,더 뉴 아이오닉5 2WD 롱레인지 19인치,5640000,2250000,1000000,300000
포천시,현대자동차,더 뉴 아이오닉5 2WD 롱레인지 19인치 빌트인 캠 미적용,5670000,2260000,1000000,300000
포천시,현대자동차,더 뉴 아이오닉5 2WD 롱레인지 20인치,5590000,2230000,1000000,300000
포천시,현대자동차,더 뉴 아이오닉5 2WD 롱레인지 N라인 20인치,5410000,2160000,1000000,300000
포천시,현대자동차,더 뉴 아이오닉5 2WD 스탠다드 19인치,4830000,1930000,970000,290000
포천시,현대자동차,더 뉴 아이오닉5 AWD 롱레인지 19인치,5580000,2230000,1000000,300000
포천시,현대자동차,더 뉴 아이오닉5 AWD 롱레인지 20인치,5320000,2120000,1000000,300000
포천시,현대자동차,더 뉴 아이오닉5 AWD 롱레인지 N라인 20인치,5100000,2040000,1000000,300000
포천시,현대자동차,더 뉴 아이오닉6 2WD 롱레인지 18인치,5700000,2280000,1000000,300000
포천시,현대자동차,더 뉴 아이오닉6 2WD 롱레인지 20인치,5700000,2280000,1000000,300000
포천시,현대자동차,더 뉴 아이오닉6 2WD 롱레인지 N라인 20인치,5700000,2280000,1000000,300000
포천시,현대자동차,더 뉴 아이오닉6 2WD 스탠다드 18인치,5600000,2240000,1000000,300000
포천시,현대자동차,더 뉴 아이오닉6 AWD 롱레인지 18인치,5700000,2280000,1000000,300000
포천시,현대자동차,더 뉴 아이오닉6 AWD 롱레인지 20인치,5530000,2210000,1000000,300000
포천시,현대자동차,더 뉴 아이오닉6 AWD 롱레인지 N라인 20인치,5370000,2140000,1000000,300000
포천시,현대자동차,스타리아 리무진 일렉트릭 6인승,2290000,910000,460000,140000
포천시,현대자동차,아이오닉6 N,2500000,1000000,500000,150000
포천시,현대자동차,아이오닉9 성능형 AWD,2720000,1080000,540000,160000
포천시,현대자동차,아이오닉9 항속형 2WD,2740000,1090000,550000,170000
포천시,현대자동차,아이오닉9 항속형 AWD,2710000,1080000,540000,160000
포천시,현대자동차,캐스퍼 일렉트릭 기본형 15인치,4900000,1960000,980000,290000
포천시,현대자동차,캐스퍼 일렉트릭 크로스 17인치,4870000,1940000,970000,290000
포천시,현대자동차,캐스퍼 일렉트릭 항속형 15인치,4900000,1960000,980000,290000
포천시,현대자동차,캐스퍼 일렉트릭 항속형 17인치(라운지포함),4900000,1960000,980000,290000
포천시,현대자동차,코나 일렉트릭 2WD 롱레인지 17인치,5140000,2050000,1000000,300000
포천시,현대자동차,코나 일렉트릭 2WD 롱레인지 17인치 빌트인 캠 미적용,5140000,2050000,1000000,300000
포천시,현대자동차,코나 일렉트릭 2WD 롱레인지 19인치,4590000,1830000,920000,280000
포천시,현대자동차,코나 일렉트릭 2WD 스탠다드 17인치,4370000,1740000,870000,260000
